len,count,word,sentiment,topic
2,282459,业绩,3,1
2,238439,净利,3,1
1,124116,增,3,1
2,121409,资产,3,1
3,86873,净利润,3,1
2,74703,经济,3,1
2,69705,盈利,3,1
2,54186,推荐,3,1
2,53089,利润,3,1
2,52223,提升,3,1
2,46586,预增,3,1
2,46489,实现,3,1
2,36182,新高,3,1
2,33848,营收,3,1
2,32367,生产,3,1
1,31396,赚,3,1
2,29493,收益,3,1
2,23260,景气,3,1
2,21944,超过,3,1
2,21773,提前,3,1
2,21393,获得,3,1
2,20852,购买,3,1
2,20790,掘金,3,1
2,20759,提价,3,1
2,20674,开展,3,1
2,20326,出口,3,1
2,20191,创业,3,1
2,20078,释放,3,1
2,20050,飙升,3,1
2,19816,前景,3,1
2,18940,上升,3,1
3,18593,日复牌,3,1
2,17692,渠道,3,1
2,17633,复苏,3,1
2,17035,扭亏,3,1
2,16773,再现,3,1
2,15793,提高,3,1
2,15663,赚钱,3,1
2,15578,分红,3,1
2,15547,高位,3,1
2,14533,近期,3,1
1,14451,抢,3,1
1,14076,量,3,1
2,13629,投产,3,1
2,13256,保持,3,1
1,13251,升,3,1
2,13062,大单,3,1
4,10648,扭亏为盈,3,1
2,10417,精准,3,1
2,10363,翻倍,3,1
2,10182,完善,3,1
2,10137,获利,3,1
2,9827,开工,3,1
1,9429,收,3,1
2,9301,增幅,3,1
2,8576,突围,3,1
1,7745,赢,3,1
2,7499,薪酬,3,1
2,7497,稳步,3,1
3,7170,现金流,3,1
2,6868,贡献,3,1
4,6578,行业龙头,3,1
4,6220,快速增长,3,1
2,6196,增收,3,1
2,6108,大举,3,1
2,6083,兑现,3,1
2,6027,增利,3,1
2,5851,三维,3,1
4,5798,龙头企业,3,1
3,5209,增长点,3,1
2,5151,应收,3,1
2,5147,协同,3,1
2,5139,达到,3,1
2,4492,成效,3,1
4,3849,稳定增长,3,1
2,3846,两倍,3,1
2,3806,力争,3,1
4,3682,持续增长,3,1
3,3627,净流入,3,1
2,3295,增厚,3,1
3,3280,预增超,3,1
4,2874,销售收入,3,1
4,2605,稳步增长,3,1
2,2599,通达,3,1
2,2222,预盈,3,1
4,1660,同比增加,3,1
2,1494,东山,3,1
2,828,净额,3,1
2,715,归母,3,1
2,84491,创新,3,2
2,66280,智能,3,2
2,62746,环保,3,2
2,60361,改革,3,2
2,59492,概念,3,2
2,32841,高端,3,2
1,30289,潮,3,2
2,29761,进军,3,2
2,29151,自主,3,2
2,28687,首次,3,2
2,28639,开发,3,2
2,28474,落地,3,2
2,25569,曝光,3,2
2,24846,研发,3,2
2,23894,推出,3,2
2,23331,登陆,3,2
2,23230,亮相,3,2
2,22552,优质,3,2
2,21936,节能,3,2
2,21421,重磅,3,2
2,18320,研究,3,2
2,17544,高新,3,2
2,17074,解禁,3,2
2,16298,核电,3,2
2,16061,引领,3,2
2,15723,一线,3,2
2,15493,质量,3,2
2,15312,驱动,3,2
2,13907,首批,3,2
2,11586,重启,3,2
2,10495,扶持,3,2
2,10077,亮点,3,2
2,9840,新品,3,2
2,9665,区块,3,2
2,9284,推广,3,2
2,9141,促销,3,2
2,9139,首发,3,2
2,8930,领先,3,2
2,8577,新型,3,2
2,8371,探索,3,2
2,7953,专利,3,2
1,7236,烯,3,2
2,7058,卫星,3,2
2,7037,全新,3,2
2,7017,开拓,3,2
2,6682,入选,3,2
2,5754,扩产,3,2
2,5529,新药,3,2
2,4769,首款,3,2
2,4723,新建,3,2
2,4668,量产,3,2
2,4557,申报,3,2
2,4087,引进,3,2
3,2857,探路者,3,2
2,2814,科学,3,2
2,2778,节水,3,2
2,2179,复产,3,2
2,1701,金字,3,2
2,295832,涨停,3,3
2,218020,上市,3,3
1,172977,涨,3,3
1,147136,逾,3,3
2,113353,增持,3,3
2,92235,上涨,3,3
2,82941,买入,3,3
2,54470,价值,3,3
2,54184,龙头,3,3
2,53356,涨幅,3,3
2,49277,复牌,3,3
2,49092,新股,3,3
2,47552,拉升,3,3
2,47158,强势,3,3
2,46756,走强,3,3
2,43850,持股,3,3
2,42958,定增,3,3
2,37303,募资,3,3
2,35752,私募,3,3
3,34612,投资者,3,3
2,34518,增发,3,3
2,33227,上调,3,3
2,32461,暴涨,3,3
2,31312,领涨,3,3
2,30261,增资,3,3
2,29500,推动,3,3
2,26614,挂牌,3,3
2,25982,大增,3,3
2,23385,合资,3,3
2,22658,注入,3,3
2,17164,亿股,3,3
3,16776,再融资,3,3
2,16634,金额,3,3
3,15096,新一轮,3,3
2,13705,强劲,3,3
3,12570,龙头股,3,3
2,11870,青睐,3,3
2,11654,红利,3,3
2,10664,飘红,3,3
2,10607,加仓,3,3
2,10427,牛市,3,3
3,9727,强势股,3,3
2,9381,飙涨,3,3
4,9049,发行股票,3,3
2,8858,涨近,3,3
2,8575,重回,3,3
2,8231,国投,3,3
2,8117,重仓,3,3
2,8027,募集,3,3
3,7706,第一股,3,3
2,7619,涨超,3,3
3,7482,涨停板,3,3
2,6850,开板,3,3
2,6828,注资,3,3
2,6648,清仓,3,3
2,6637,连涨,3,3
2,6632,护盘,3,3
2,6610,翻红,3,3
2,6547,发起,3,3
2,6169,涨势,3,3
2,4061,增募,3,3
3,3691,白马股,3,3
4,2665,流动资金,3,3
2,1858,股获,3,3
3,1540,一致性,3,3
2,178370,发展,3,4
2,172870,收购,3,4
2,126169,关注,3,4
2,125011,重组,3,4
2,106180,有望,3,4
2,104305,产业,3,4
2,101505,布局,3,4
2,86004,转型,3,4
2,83361,合作,3,4
2,76666,战略,3,4
2,71019,利好,3,4
2,56814,进入,3,4
2,49875,升级,3,4
2,48000,通过,3,4
2,45886,中标,3,4
2,45239,推进,3,4
2,44162,整合,3,4
2,42702,筹划,3,4
2,35733,申请,3,4
2,33842,整体,3,4
2,32928,回应,3,4
2,32391,发力,3,4
2,30644,变更,3,4
2,30546,通信,3,4
2,30187,扩张,3,4
2,29076,参与,3,4
2,28574,成功,3,4
2,27801,激励,3,4
2,26113,成交,3,4
2,25839,管理,3,4
2,25117,积极,3,4
2,23342,携手,3,4
2,23049,入股,3,4
2,22912,能力,3,4
2,22549,签署,3,4
2,22079,签订,3,4
2,21435,承诺,3,4
2,21391,旗下,3,4
2,21333,期待,3,4
2,19383,崛起,3,4
2,16790,扩大,3,4
2,16449,运营,3,4
2,16229,牵手,3,4
2,15928,认购,3,4
2,15049,宣布,3,4
2,14691,行动,3,4
2,14438,保障,3,4
2,14068,签约,3,4
4,14026,国企改革,3,4
2,13446,旺季,3,4
2,13152,进展,3,4
2,13108,投入,3,4
2,12747,恢复,3,4
2,11407,引入,3,4
2,11163,取得,3,4
2,10885,达成,3,4
2,10582,入主,3,4
2,9653,改造,3,4
2,9514,治理,3,4
3,8939,国际化,3,4
2,8734,优化,3,4
2,8687,确认,3,4
2,7762,获准,3,4
2,7594,认证,3,4
2,7587,受让,3,4
2,7449,措施,3,4
2,7030,深化,3,4
2,6985,合理,3,4
2,6940,地位,3,4
3,6680,控股权,3,4
2,6667,联姻,3,4
2,6614,抱团,3,4
2,6455,拿下,3,4
2,6221,重整,3,4
2,5767,拟购,3,4
2,5489,版图,3,4
2,5308,押宝,3,4
2,5118,深耕,3,4
2,4244,交付,3,4
2,3343,决议,3,4
2,2374,捐赠,3,4
2,2161,远望,3,4
2,1397,齐心,3,4
1,135032,获,3,
2,84273,反弹,3,
2,46372,迎来,3,
2,27358,支持,3,
2,19904,两大,3,
2,16489,支撑,3,
2,14718,盛宴,3,
2,12964,追捧,3,
2,10407,乐观,3,
2,8165,瞄准,3,
2,7313,顺利,3,
2,5902,广阔,3,
2,4441,精华,3,
2,4368,辉煌,3,
2,4139,合力,3,
2,2893,治疗,3,
2,2704,如意,3,
2,1860,露笑,3,
2,1643,风范,3,
2,1512,顺络,3,
1,274984,新,3,
2,203409,增长,3,
1,129948,超,3,
1,108159,再,3,
1,99341,高,3,
3,82345,新能源,3,
2,81166,受益,3,
2,79418,看好,3,
1,78240,达,3,
1,77658,多,3,
2,67217,机会,3,
2,66003,加速,3,
1,64599,倍,3,
2,62398,爆发,3,
2,60942,大涨,3,
2,55752,大幅,3,
2,51294,完成,3,
1,49743,好,3,
2,47301,快速,3,
2,45090,最大,3,
1,44797,荐,3,
1,44651,还,3,
1,43943,迎,3,
2,43922,空间,3,
2,40532,第一,3,
1,40252,能,3,
2,39872,十大,3,
2,39181,全面,3,
2,36843,突破,3,
2,36607,公开,3,
2,36148,正式,3,
2,36140,助力,3,
2,36099,巨头,3,
2,35547,披露,3,
2,35325,成长,3,
2,34315,开启,3,
2,33865,制药,3,
2,33738,智慧,3,
2,32902,加码,3,
2,32477,活跃,3,
2,31167,健康,3,
2,30112,维持,3,
2,30058,提速,3,
2,29639,加快,3,
2,28698,回暖,3,
2,26559,回升,3,
2,25984,补贴,3,
2,25923,热点,3,
2,25607,延续,3,
2,25456,开始,3,
1,25257,强,3,
2,24972,优势,3,
2,24269,最高,3,
2,22537,改善,3,
2,22106,拓展,3,
2,21656,机遇,3,
2,21528,联手,3,
2,21475,主力,3,
2,21214,值得,3,
2,20883,增加,3,
1,20571,全,3,
2,20211,五大,3,
2,18959,加大,3,
2,17404,核心,3,
2,17288,正在,3,
2,16627,新增,3,
2,16598,潜力,3,
2,15662,凸显,3,
1,15621,掀,3,
2,15356,东风,3,
3,15277,进一步,3,
2,15140,澄清,3,
2,15098,首个,3,
2,15089,助推,3,
1,15005,宝,3,
2,14700,显现,3,
2,14568,免费,3,
2,14494,力推,3,
2,14315,黑马,3,
2,14261,强推,3,
2,14114,超级,3,
1,14100,热,3,
2,14028,欢迎,3,
2,13891,稳定,3,
2,13887,第二,3,
2,13543,刺激,3,
1,13498,首,3,
2,13463,井喷,3,
2,13394,升温,3,
2,13324,举办,3,
2,13257,上线,3,
2,12381,关键,3,
2,12264,大型,3,
2,12217,阳光,3,
2,12199,开幕,3,
2,12138,翻番,3,
2,11902,稳健,3,
2,11822,确定,3,
2,11754,抢筹,3,
2,11704,信心,3,
2,11675,补助,3,
2,11663,率先,3,
2,11576,平稳,3,
2,11519,希望,3,
2,11252,引爆,3,
4,11016,强烈推荐,3,
2,10826,上扬,3,
2,10809,幸福,3,
2,10674,上浮,3,
2,10608,良机,3,
2,10509,给予,3,
1,10235,助,3,
1,9697,玩,3,
3,9589,多元化,3,
3,9550,欢迎您,3,
2,9540,提振,3,
2,9435,开业,3,
2,9428,优惠,3,
2,9300,新兴,3,
2,9179,看点,3,
2,9011,领跑,3,
2,8940,变革,3,
2,8878,扶贫,3,
2,8748,可以,3,
2,8593,将成,3,
2,8547,整改,3,
2,8460,火爆,3,
3,8436,排名第,3,
2,8431,代表,3,
2,8335,改变,3,
2,8329,打响,3,
2,8291,力挺,3,
2,8276,把握,3,
2,8202,春天,3,
2,8050,增强,3,
2,8043,人才,3,
2,7989,重新,3,
2,7896,精神,3,
2,7895,暴增,3,
2,7840,抢入,3,
2,7829,冲刺,3,
3,7826,开门红,3,
2,7799,促进,3,
2,7747,冲高,3,
2,7744,再起,3,
2,7717,良好,3,
3,7557,竞争力,3,
2,7512,反转,3,
1,7388,牛,3,
2,7370,抢眼,3,
2,7368,最佳,3,
2,7347,显著,3,
1,7319,率,3,
2,7303,振兴,3,
2,7280,向上,3,
2,7085,居首,3,
2,7079,强化,3,
2,7012,攀升,3,
2,6967,增近,3,
2,6885,热情,3,
2,6792,出海,3,
2,6785,正常,3,
2,6705,激增,3,
2,6693,曙光,3,
3,6678,一体化,3,
2,6645,诞生,3,
2,6640,好转,3,
1,6599,奖,3,
1,6594,捧,3,
2,6539,打破,3,
2,6499,频频,3,
2,6446,揭晓,3,
2,6432,一家,3,
2,6380,升值,3,
2,6290,缓解,3,
2,6282,超标,3,
2,6225,预喜,3,
2,6187,荣获,3,
2,6156,增至,3,
2,6098,逆袭,3,
2,6089,首选,3,
4,6083,再创新高,3,
2,6079,绝杀,3,
2,6050,再创,3,
2,5962,补偿,3,
2,5912,外延,3,
1,5910,胜,3,
2,5871,先锋,3,
2,5630,有所,3,
2,5518,一定,3,
2,5242,利用,3,
2,4889,摘帽,3,
2,4782,彰显,3,
1,4200,龙,3,
2,3671,批量,3,
2,3212,及时,3,
2,333437,亿元,2,1
2,257907,市场,2,1
2,184348,项目,2,1
2,164922,同比,2,1
2,131526,万元,2,1
2,121733,业务,2,1
2,86174,去年,2,1
2,73621,销售,2,1
2,66254,今年,2,1
3,57193,三季度,2,1
3,54693,一季度,2,1
2,51176,中期,2,1
2,48630,季报,2,1
2,36341,收入,2,1
2,35796,销量,2,1
2,35324,增速,2,1
2,34284,表现,2,1
3,28942,前三季,2,1
2,27499,经营,2,1
2,25870,订单,2,1
3,25862,半年报,2,1
2,25337,半年,2,1
3,24403,下半年,2,1
2,23966,百亿,2,1
2,23124,一年,2,1
2,17705,环比,2,1
2,16349,营销,2,1
2,14803,年底,2,1
3,14359,四季度,2,1
2,13140,财务,2,1
2,12876,核准,2,1
3,12839,毛利率,2,1
2,12647,千万,2,1
3,12589,二季度,2,1
4,12153,公司业绩,2,1
3,11434,经销商,2,1
2,10196,首季,2,1
3,9851,销售额,2,1
2,9814,季度,2,1
2,9633,运行,2,1
2,8129,年薪,2,1
2,6418,财报,2,1
2,6280,营业,2,1
2,6242,总额,2,1
2,6191,月底,2,1
2,6159,对外,2,1
2,5968,费用,2,1
2,5876,计提,2,1
2,5815,预降,2,1
2,5775,年前,2,1
2,5737,账款,2,1
2,5420,毛利,2,1
4,4968,第三季度,2,1
3,4211,半年度,2,1
4,3994,汽车销量,2,1
2,3790,焦作,2,1
4,3455,主营业务,2,1
4,3448,产品价格,2,1
2,3350,年产,2,1
4,3162,第一季度,2,1
4,2917,财务总监,2,1
2,2783,扣非,2,1
2,2636,批件,2,1
2,2632,亿利,2,1
2,2340,同期,2,1
4,625,现金流量,2,1
2,391,日净,2,1
2,150742,基金,2,2
2,81203,产品,2,2
2,54630,方案,2,2
2,52023,打造,2,2
2,48332,产能,2,2
2,39394,零售,2,2
2,34430,光伏,2,2
3,32947,产业链,2,2
2,28863,手机,2,2
2,28277,库存,2,2
2,27308,制造,2,2
3,24948,机器人,2,2
2,24582,设备,2,2
2,23936,调研,2,2
2,20963,标的,2,2
2,20649,新材,2,2
2,19866,试点,2,2
2,19578,高速,2,2
2,18391,系统,2,2
2,17137,客户,2,2
2,16622,应用,2,2
2,16576,进口,2,2
2,16231,联网,2,2
1,16195,吨,2,2
2,14411,独家,2,2
2,13890,供应,2,2
2,13336,斥资,2,2
2,13258,电视,2,2
4,12567,有色金属,2,2
2,12413,芯片,2,2
2,11910,品种,2,2
2,11372,明星,2,2
2,11208,风口,2,2
2,10933,水电,2,2
2,10719,首家,2,2
2,10718,涉足,2,2
2,10697,产量,2,2
2,10287,万辆,2,2
3,10222,供应商,2,2
2,10220,精密,2,2
2,10090,基建,2,2
2,9901,娱乐,2,2
2,9179,工厂,2,2
2,9170,尾盘,2,2
2,9071,现货,2,2
3,9032,电动车,2,2
2,8935,涉及,2,2
2,8923,石墨,2,2
2,8891,系列,2,2
3,8686,锂电池,2,2
3,8139,供应链,2,2
3,7857,生产线,2,2
2,7662,互联,2,2
2,7532,通讯,2,2
2,7494,多项,2,2
2,7090,下游,2,2
2,7058,产销,2,2
2,7011,北斗,2,2
3,6949,发动机,2,2
2,6482,锂业,2,2
4,6471,价格上涨,2,2
3,6372,智能化,2,2
2,6294,钢构,2,2
2,5910,原料,2,2
3,5384,产业园,2,2
2,5243,铜业,2,2
2,5065,商标,2,2
2,5056,化纤,2,2
3,4904,触摸屏,2,2
2,4899,重机,2,2
3,4817,月销量,2,2
2,4790,商用,2,2
2,4718,药物,2,2
2,4554,闲置,2,2
2,4426,供货,2,2
2,4353,覆盖,2,2
2,4267,出货,2,2
2,4247,装置,2,2
1,4213,矿,2,2
2,4169,加工,2,2
2,3928,焦化,2,2
3,3576,原料药,2,2
2,3566,精机,2,2
2,3523,氨纶,2,2
4,3477,动力电池,2,2
3,3322,原材料,2,2
2,3110,一期,2,2
4,3057,临床试验,2,2
2,3021,二期,2,2
2,2896,民爆,2,2
3,2651,亿投建,2,2
2,2601,仿制,2,2
2,2221,技改,2,2
2,1839,柔性,2,2
2,1733,酵母,2,2
2,531,氢能,2,2
2,526,盐酸,2,2
2,611038,股份,2,3
1,486237,股,2,3
1,426543,亿,2,3
2,280328,板块,2,3
2,241248,投资,2,3
2,222226,收盘,2,3
2,218542,换手,2,3
2,185834,银行,2,3
2,159507,券商,2,3
1,157389,万,2,3
2,149377,控股,2,3
2,130910,证券,2,3
2,117918,资金,2,3
2,113851,评级,2,3
2,113199,融资,2,3
3,107836,概念股,2,3
2,106601,金融,2,3
2,101353,股价,2,3
2,100494,万股,2,3
2,99180,报于,2,3
2,79744,交易,2,3
2,71223,发行,2,3
2,70553,行情,2,3
2,63118,附股,2,3
2,61406,个股,2,3
2,61220,估值,2,3
2,60339,股票,2,3
3,59753,证监会,2,3
2,54662,回收,2,3
2,50594,资本,2,3
3,50248,地产股,2,3
3,49572,次新股,2,3
2,45311,股市,2,3
2,44542,盘中,2,3
2,42626,多家,2,3
2,40181,大盘,2,3
2,39463,融券,2,3
3,39129,创业板,2,3
2,38483,三板,2,3
2,38291,市值,2,3
2,36879,万亿,2,3
2,34191,质押,2,3
2,34050,走势,2,3
2,31564,理财,2,3
4,27050,资产重组,2,3
2,26918,预测,2,3
2,25594,成本,2,3
2,25532,早盘,2,3
2,23374,举牌,2,3
2,23204,利率,2,3
2,22152,路演,2,3
3,20892,深交所,2,3
2,20273,逆势,2,3
3,19995,上交所,2,3
2,19144,参股,2,3
2,18909,牛股,2,3
3,18592,目标价,2,3
2,17960,放量,2,3
2,16523,游资,2,3
2,16343,债券,2,3
2,15582,低估,2,3
2,15571,出资,2,3
2,15547,蓝筹,2,3
2,15481,国企,2,3
2,15452,报价,2,3
1,15333,市,2,3
2,15325,股指,2,3
2,15223,现金,2,3
2,15214,国资,2,3
2,14756,股民,2,3
2,13293,外资,2,3
3,13162,钢铁股,2,3
2,13158,六股,2,3
2,13127,杠杆,2,3
4,13060,理财产品,2,3
2,12730,华泰,2,3
3,12378,增募资,2,3
2,12220,定向,2,3
2,12142,首日,2,3
3,11892,停复牌,2,3
3,11870,潜力股,2,3
2,11328,公募,2,3
2,11295,只股,2,3
1,11127,盘,2,3
2,10718,低价,2,3
1,10715,炒,2,3
2,10699,持有,2,3
3,10327,国资委,2,3
3,9545,公司债,2,3
2,9080,用于,2,3
2,8980,五股,2,3
2,8971,债市,2,3
2,8691,持仓,2,3
3,8309,交易所,2,3
2,8190,炒股,2,3
3,7901,可转债,2,3
2,7804,股改,2,3
2,7773,昨日,2,3
1,7704,持,2,3
4,7453,中信证券,2,3
2,7393,募投,2,3
4,7097,宝钢股份,2,3
3,6870,交易日,2,3
2,6755,股派,2,3
2,6708,打新,2,3
2,6651,看盘,2,3
2,6628,借款,2,3
2,6497,权益,2,3
2,6245,发债,2,3
2,6213,票据,2,3
2,6095,破发,2,3
2,6079,探底,2,3
2,5823,每股,2,3
3,5765,债转股,2,3
3,5706,中小板,2,3
2,5574,配股,2,3
4,5162,投资收益,2,3
4,4988,公司股票,2,3
2,4553,保壳,2,3
2,4485,平仓,2,3
2,4444,分拆,2,3
2,4146,中银,2,3
2,4061,所持,2,3
2,3900,吸收,2,3
2,3882,大额,2,3
2,3803,作价,2,3
3,3783,成交额,2,3
2,3703,折价,2,3
4,3668,公司债券,2,3
3,3551,融资券,2,3
2,3016,转债,2,3
2,2990,债权,2,3
4,2629,锡业股份,2,3
3,2168,第一期,2,3
3,1300,科创板,2,3
3,999,登记日,2,3
4,964,集团股份,2,3
4,790,科技股份,2,3
2,607,创板,2,3
2,380,开盘,2,3
2,156,过会,2,3
3,0,IPO,2,3
2,419911,公司,2,4
1,288924,拟,2,4
2,263850,股东,2,4
2,214220,集团,2,4
2,163580,股权,2,4
3,110232,子公司,2,4
2,96574,预期,2,4
2,88171,政策,2,4
2,74576,重大,2,4
2,73473,建设,2,4
3,73457,董事长,2,4
2,70021,未来,2,4
2,64044,并购,2,4
2,61849,品牌,2,4
2,56031,技术,2,4
2,54296,启动,2,4
2,52535,事项,2,4
2,51992,连续,2,4
2,51228,调查,2,4
2,49557,年报,2,4
2,39806,高管,2,4
2,36097,公布,2,4
2,31808,员工,2,4
2,31257,回购,2,4
2,31250,召开,2,4
2,29927,出台,2,4
2,29879,专家,2,4
2,28966,成立,2,4
2,28949,拟定,2,4
2,28842,规划,2,4
2,28763,获批,2,4
2,28238,文化,2,4
2,26374,控制,2,4
2,26292,实施,2,4
2,25888,安全,2,4
2,25438,联合,2,4
2,24690,主业,2,4
2,23135,全线,2,4
2,23060,信托,2,4
2,21233,董事,2,4
2,21099,实控,2,4
2,20684,租赁,2,4
2,20306,合并,2,4
2,20191,举行,2,4
2,18732,回归,2,4
2,18572,借壳,2,4
3,18567,总经理,2,4
2,18408,采购,2,4
2,18356,内幕,2,4
2,18265,央企,2,4
4,17960,有限公司,2,4
3,17231,开发商,2,4
2,17203,全资,2,4
4,16274,股东大会,2,4
2,16142,关联,2,4
2,16095,审核,2,4
2,15506,担保,2,4
2,15353,资管,2,4
3,15091,董事会,2,4
2,14813,会议,2,4
2,14595,混改,2,4
2,12858,总裁,2,4
2,12384,民营,2,4
2,12269,跨界,2,4
2,11479,个人,2,4
2,11181,承压,2,4
2,10993,信披,2,4
2,10805,更名,2,4
2,10678,股本,2,4
2,10017,董秘,2,4
2,9149,中报,2,4
2,9050,注册,2,4
2,8988,高层,2,4
2,8676,剥离,2,4
2,8285,批准,2,4
2,8037,老板,2,4
2,7998,受理,2,4
2,7691,厂商,2,4
2,7648,易主,2,4
4,7505,副总经理,2,4
3,7480,管理层,2,4
4,7362,人事变动,2,4
3,7240,副总裁,2,4
2,7118,执行,2,4
3,6821,控制权,2,4
3,6792,分公司,2,4
2,6746,兼并,2,4
2,6693,投建,2,4
3,6635,证监局,2,4
2,6543,坚持,2,4
2,6273,国有,2,4
1,6196,暨,2,4
2,5749,进程,2,4
2,5556,控人,2,4
2,5334,公告,2,4
3,5174,关联方,2,4
2,5044,下属,2,4
3,4946,创始人,2,4
2,4846,总部,2,4
2,4718,上游,2,4
2,4457,主营,2,4
3,4298,母公司,2,4
2,4192,独董,2,4
2,4133,换帅,2,4
2,4126,监事,2,4
2,3986,职务,2,4
2,3765,收回,2,4
2,3644,委托,2,4
2,3527,司法,2,4
2,3459,划转,2,4
3,3225,股东会,2,4
4,3186,副董事长,2,4
2,2976,董监,2,4
2,2809,会计,2,4
3,2621,监事会,2,4
2,2576,构成,2,4
3,2125,实控人,2,4
2,1914,商誉,2,4
2,1773,聘任,2,4
2,1604,贤成,2,4
2,1475,洁能,2,4
4,1388,大会决议,2,4
2,903,报告,2,4
2,416,批复,2,4
2,252,招标,2,4
1,361758,日,2,
1,223292,在,2,
2,175565,机构,2,
1,138959,家,2,
1,126905,成,2,
1,126682,有,2,
2,122799,地产,2,
1,94102,近,2,
1,84855,沪,2,
2,84708,继续,2,
1,83905,到,2,
2,81615,药业,2,
2,80993,医药,2,
3,80221,互联网,2,
1,78581,个,2,
1,78146,仍,2,
1,75198,对,2,
2,73954,能源,2,
2,69497,电子,2,
1,57454,你,2,
2,56821,水泥,2,
2,50616,钢铁,2,
2,48484,集体,2,
2,46574,午后,2,
1,44626,都,2,
2,44511,重点,2,
1,42015,因,2,
2,41403,日起,2,
1,39105,会,2,
2,38035,动力,2,
2,37384,国家,2,
2,37336,美国,2,
2,35964,重庆,2,
2,34185,短期,2,
2,33775,贵州,2,
2,32963,明日,2,
2,32673,广州,2,
1,30798,正,2,
1,30694,让,2,
2,30655,石化,2,
2,30592,明显,2,
2,30081,天津,2,
2,28396,即将,2,
1,28236,酒,2,
2,28133,网络,2,
2,27900,可能,2,
2,27863,工作,2,
2,27824,商业,2,
2,27548,重工,2,
2,27110,工业,2,
1,26546,于,2,
2,25624,实业,2,
2,25506,四大,2,
1,24634,王,2,
1,24163,我,2,
1,22925,引,2,
2,22622,一汽,2,
2,22321,两市,2,
1,21808,路,2,
1,21254,望,2,
2,21048,出现,2,
2,21009,建议,2,
1,20088,变,2,
1,19116,并,2,
2,18956,军工,2,
1,18852,给,2,
3,18697,茅台酒,2,
2,17995,收到,2,
2,17682,山西,2,
1,17545,链,2,
2,17431,传统,2,
1,17264,较,2,
2,17168,绿色,2,
1,17092,建,2,
2,17041,时间,2,
2,16994,原因,2,
1,16872,存,2,
2,16497,华润,2,
2,16440,美的,2,
1,16285,打,2,
2,16015,阶段,2,
1,15918,类,2,
2,15875,七成,2,
1,15840,跑,2,
2,15826,纸业,2,
1,15806,线,2,
1,15589,曝,2,
1,15481,但,2,
2,15270,湖北,2,
2,15168,目前,2,
2,15106,十年,2,
1,14997,第,2,
1,14265,其,2,
2,14182,充电,2,
1,14101,时,2,
1,13836,次,2,
1,13724,式,2,
2,13539,疫苗,2,
1,13154,快,2,
1,13086,单,2,
2,13064,出手,2,
2,12886,基本,2,
2,12791,全部,2,
2,12706,南方,2,
2,12642,化学,2,
2,12639,或成,2,
3,12632,董明珠,2,
2,12259,特钢,2,
2,12206,照明,2,
2,12040,宝钢,2,
2,11868,安徽,2,
2,11378,结果,2,
2,10959,复星,2,
4,10931,格力电器,2,
2,10886,飞机,2,
1,10819,促,2,
2,10815,机械,2,
1,10804,明,2,
2,10263,空调,2,
2,10141,金属,2,
1,10113,型,2,
1,10111,泰,2,
4,10109,中联重科,2,
2,10090,医院,2,
2,10066,体系,2,
2,9737,生化,2,
2,9634,药企,2,
2,9580,创投,2,
2,9560,红包,2,
2,9488,家化,2,
1,9484,梦,2,
2,9233,境外,2,
2,9193,一字,2,
1,9183,今,2,
2,9117,社保,2,
4,9079,集成电路,2,
1,9014,站,2,
3,8769,零部件,2,
2,8698,吉林,2,
2,8631,阿胶,2,
2,8601,船舶,2,
2,8524,关系,2,
1,8518,位,2,
1,8415,由,2,
3,8394,乘用车,2,
2,8320,网上,2,
2,8182,直接,2,
4,8040,医疗器械,2,
2,8033,北方,2,
2,7915,华东,2,
2,7891,账户,2,
2,7763,较大,2,
2,7489,终端,2,
2,7439,海信,2,
2,7291,频现,2,
2,7239,煤矿,2,
2,7210,主动,2,
2,7050,兰州,2,
3,7043,钛白粉,2,
3,6911,白云山,2,
3,6908,特高压,2,
2,6783,德国,2,
2,6668,重汽,2,
3,6642,水井坊,2,
2,6640,仪器,2,
2,6528,浪潮,2,
2,6502,车型,2,
2,6493,地区,2,
1,6454,钛,2,
2,6395,珠江,2,
2,6295,筹码,2,
2,6252,纳入,2,
2,6169,突然,2,
2,6094,宏达,2,
2,6086,方正,2,
2,6054,热电,2,
2,6046,水利,2,
2,5964,古井,2,
2,5921,包钢,2,
2,5770,激光,2,
2,5721,后续,2,
2,5638,首钢,2,
2,5584,左右,2,
2,5478,回复,2,
2,5467,徐工,2,
2,5445,养殖,2,
3,5380,同仁堂,2,
2,5367,精工,2,
2,5318,测试,2,
2,5210,万福,2,
2,5155,三元,2,
2,5038,长园,2,
2,4987,贡酒,2,
2,4975,晨鸣,2,
2,4859,中超,2,
2,4794,宇通,2,
2,4791,国民,2,
2,4771,北上,2,
2,4605,触及,2,
2,4472,同方,2,
2,4440,太阳,2,
4,4363,四川长虹,2,
1,4236,锂,2,
2,4202,振华,2,
4,4190,东风汽车,2,
2,4181,金龙,2,
2,3961,涪陵,2,
2,3938,通化,2,
2,3916,三安,2,
2,3780,种子,2,
4,3767,山西汾酒,2,
2,3757,东旭,2,
2,3750,科伦,2,
2,3715,光学,2,
2,3703,具有,2,
2,3688,人拟,2,
2,3617,烽火,2,
2,3547,吉祥,2,
2,3534,轴承,2,
2,3528,完毕,2,
1,3494,欧,2,
2,3461,暂无,2,
1,3389,青,2,
2,3296,成飞,2,
4,3282,国电电力,2,
2,3265,铜陵,2,
2,3240,百灵,2,
2,3238,宁德,2,
2,3238,紫鑫,2,
3,3208,研究院,2,
2,3159,间接,2,
1,3130,川,2,
2,3084,南风,2,
2,3066,席位,2,
2,3018,华兰,2,
2,3009,及其,2,
2,2984,安泰,2,
2,2972,连板,2,
2,2908,风能,2,
2,2890,黄河,2,
4,2869,恒瑞医药,2,
2,2781,临床,2,
1,2771,领,2,
2,2763,杉杉,2,
2,2763,白马,2,
2,2761,梅雁,2,
2,2751,合金,2,
2,2712,尔康,2,
2,2699,中富,2,
3,2654,云天化,2,
2,2627,榨菜,2,
3,2605,老白干,2,
3,2604,七匹狼,2,
2,2529,钛白,2,
2,2516,莱士,2,
2,2514,水晶,2,
2,2511,太钢,2,
2,2407,海伦,2,
4,2403,海正药业,2,
2,2402,威华,2,
2,2393,下发,2,
3,2392,亿纬锂,2,
2,2385,杰瑞,2,
1,2374,盛,2,
3,2366,李东生,2,
2,2339,盾安,2,
4,2335,燃料电池,2,
2,2263,重啤,2,
2,2253,杭萧,2,
4,2227,云铝股份,2,
2,2192,制剂,2,
2,2150,国联,2,
2,2120,汇源,2,
2,1987,海利,2,
2,1968,锆业,2,
2,1956,誉衡,2,
2,1945,骆驼,2,
2,1916,音响,2,
2,1904,汇川,2,
2,1861,软控,2,
2,1852,硅宝,2,
2,1800,安科,2,
2,1799,恒顺,2,
2,1792,德力,2,
2,1769,大洋,2,
2,1757,金固,2,
2,1711,双鹭,2,
2,1699,立讯,2,
2,1639,星马,2,
2,1617,万丰,2,
1,1616,兴,2,
2,1616,精功,2,
2,1574,伟星,2,
1,1569,片,2,
2,1568,银禧,2,
2,1560,金路,2,
3,1488,美盈森,2,
3,1471,注射液,2,
2,1463,乾照,2,
2,1435,春兴,2,
2,1427,奥特,2,
2,1408,墨龙,2,
2,1379,丹化,2,
2,1311,奥拓,2,
2,1311,凡谷,2,
2,1295,搜于,2,
2,1224,普洛,2,
3,1177,星期六,2,
1,1125,蹭,2,
2,1107,瑞泽,2,
2,1096,康盛,2,
2,877,日上,2,
2,861,鸿达,2,
1,791,纳,2,
2,741,嘉化,2,
2,730,北向,2,
2,688,航发,2,
1,652,灏,2,
2,521,益智,2,
2,285,国微,2,
2,253,事宜,2,
4,228,东方通信,2,
3,216,提示性,2,
3,209,通知书,2,
2,204,智家,2,
1,584444,的,2,
1,526154,月,2,
2,445497,中国,2,
1,438678,元,2,
1,432173,年,2,
1,347234,将,2,
1,293539,大,2,
2,267882,科技,2,
1,262681,报,2,
2,229058,行业,2,
1,228335,或,2,
2,217143,快讯,2,
1,216455,中,2,
1,212644,与,2,
2,194584,企业,2,
1,152694,等,2,
2,151162,汽车,2,
1,148502,了,2,
1,145652,是,2,
1,135948,和,2,
1,130086,为,2,
2,122500,上海,2,
3,121856,上半年,2,
1,110630,只,2,
2,108719,价格,2,
2,108365,最新,2,
2,96396,持续,2,
2,93783,房企,2,
2,92188,国际,2,
1,88179,前,2,
1,86045,人,2,
1,85134,三,2,
2,82716,白酒,2,
2,81553,北京,2,
2,80504,计划,2,
3,79844,房地产,2,
1,79549,已,2,
2,78433,万科,2,
4,77982,上市公司,2,
1,77659,后,2,
1,72271,称,2,
2,71591,今日,2,
1,70342,及,2,
1,67360,可,2,
1,66887,一,2,
1,66223,最,2,
2,65853,茅台,2,
1,65560,至,2,
2,65230,调整,2,
2,64645,预计,2,
1,63803,指,2,
2,63714,数据,2,
2,62652,电力,2,
2,62334,石油,2,
2,61471,黄金,2,
1,61398,向,2,
2,61212,时代,2,
2,61074,全球,2,
2,60715,煤炭,2,
2,60613,影响,2,
2,60160,信息,2,
2,59860,楼市,2,
2,57363,生物,2,
1,56272,点,2,
2,55319,国内,2,
1,54731,上,2,
2,53715,发布,2,
1,53396,下,2,
2,53192,城市,2,
1,52480,要,2,
1,50975,转,2,
2,50450,如何,2,
1,50372,两,2,
2,50336,平台,2,
2,50020,东方,2,
2,49128,部分,2,
1,48777,从,2,
1,47113,地,2,
2,46978,服务,2,
2,46260,三大,2,
1,44329,期,2,
2,43819,化工,2,
1,43565,看,2,
2,43452,期货,2,
2,43088,领域,2,
2,43083,消费,2,
1,42699,来,2,
1,42591,金,2,
2,42423,传媒,2,
1,42333,图,2,
2,42098,海外,2,
2,42048,医疗,2,
2,41921,协议,2,
2,41521,背后,2,
1,41278,去,2,
1,41225,车,2,
1,41208,派,2,
1,40881,谁,2,
2,40876,深圳,2,
2,40713,全国,2,
1,40465,又,2,
2,40249,山东,2,
1,40147,做,2,
2,39833,物流,2,
2,39606,电商,2,
2,39320,需求,2,
2,39279,规模,2,
3,39137,人民币,2,
2,38803,电气,2,
2,38655,光电,2,
1,37870,占,2,
1,37730,受,2,
1,37500,吗,2,
2,37132,模式,2,
2,37075,新闻,2,
2,36991,年内,2,
1,36934,买,2,
2,36740,什么,2,
2,36230,涨价,2,
1,35723,推,2,
2,35715,苏宁,2,
2,35632,传闻,2,
2,35358,策略,2,
2,34880,合同,2,
2,34870,航空,2,
2,34357,点评,2,
2,34257,年度,2,
2,34112,旅游,2,
2,34066,分析,2,
1,33915,欲,2,
2,33886,政府,2,
2,33357,保险,2,
2,33225,相关,2,
2,33175,压力,2,
2,32948,世界,2,
2,32929,再度,2,
1,32859,起,2,
2,32673,工程,2,
2,32559,出炉,2,
1,32435,天,2,
2,32106,成为,2,
1,31680,就,2,
1,31627,约,2,
1,31066,走,2,
2,31001,矿业,2,
2,30808,明年,2,
1,30720,投,2,
2,30661,软件,2,
1,30657,即,2,
2,30619,目标,2,
2,30552,港股,2,
1,30381,之,2,
1,30186,乐,2,
1,30160,更,2,
2,30024,我国,2,
2,29934,资源,2,
3,29856,亿美元,2,
2,29575,千亿,2,
1,29083,企,2,
2,28937,互动,2,
1,28846,现,2,
1,28659,系,2,
1,28626,也,2,
2,28461,分化,2,
2,28454,稀土,2,
2,28217,央行,2,
2,28145,南京,2,
2,27948,指数,2,
2,27746,土地,2,
2,27714,房价,2,
2,27710,平安,2,
1,27487,以,2,
3,27213,比亚迪,2,
2,27132,全年,2,
1,27128,这,2,
2,26799,趋势,2,
2,26726,浙江,2,
2,26718,一致,2,
2,26637,电器,2,
2,26338,移动,2,
2,26206,江苏,2,
2,26195,宁波,2,
2,26110,否认,2,
2,25826,出售,2,
2,25688,视网,2,
1,25446,深,2,
3,25359,中石化,2,
2,25227,一个,2,
2,25070,招商,2,
2,24975,客车,2,
1,24882,内,2,
2,24675,支付,2,
2,24671,调控,2,
2,24668,解析,2,
2,24447,食品,2,
1,24281,需,2,
1,24218,无,2,
1,24143,美,2,
2,24016,还是,2,
2,23976,生态,2,
2,23756,解读,2,
1,23653,云,2,
2,23600,中心,2,
2,23576,海南,2,
2,23434,恒大,2,
2,23144,揭秘,2,
2,23135,为何,2,
2,23083,四川,2,
2,23020,进行,2,
2,23001,历史,2,
3,22989,五粮液,2,
2,22887,车企,2,
2,22851,财经,2,
1,22796,出,2,
2,22791,累计,2,
2,22666,啤酒,2,
1,22661,名,2,
2,22613,香港,2,
1,22567,总,2,
2,22513,阿里,2,
2,22386,农业,2,
2,22191,青岛,2,
2,22151,再次,2,
1,22130,五,2,
1,21889,钱,2,
2,21881,油价,2,
2,21854,多少,2,
2,21835,下周,2,
2,21736,哪些,2,
2,21733,大宗,2,
2,21715,用户,2,
2,21712,中航,2,
1,21688,料,2,
2,21641,环境,2,
2,21610,月份,2,
2,21603,腾讯,2,
2,21584,家电,2,
2,21446,格局,2,
2,21384,铁路,2,
2,21268,苹果,2,
2,21250,聚焦,2,
1,21113,用,2,
2,20966,新华,2,
1,20925,比,2,
2,20866,降价,2,
2,20856,乐视,2,
2,20808,广东,2,
2,20536,三年,2,
1,20376,榜,2,
2,20348,活动,2,
2,20335,长江,2,
1,20270,双,2,
2,20213,重要,2,
2,20207,材料,2,
2,20194,美元,2,
1,20136,拿,2,
1,20131,仅,2,
1,19901,二,2,
1,19867,四,2,
2,19848,基地,2,
2,19804,武汉,2,
2,19632,信号,2,
2,19615,地方,2,
2,19601,不超,2,
2,19522,一路,2,
2,19487,万达,2,
4,19420,中兴通讯,2,
1,19404,业,2,
2,19371,小时,2,
2,19305,竞争,2,
2,19241,影视,2,
2,19215,因素,2,
2,19180,金股,2,
2,19062,提供,2,
2,18951,长期,2,
2,18924,杭州,2,
2,18699,有色,2,
3,18685,发改委,2,
2,18621,这些,2,
1,18591,均,2,
2,18457,后市,2,
2,18353,游戏,2,
2,18313,长城,2,
2,18303,拐点,2,
2,18241,标准,2,
3,18140,天然气,2,
2,18094,新疆,2,
2,18060,高铁,2,
2,17994,恒指,2,
2,17985,溢价,2,
2,17980,分行,2,
1,17920,通,2,
2,17884,中信,2,
3,17872,信用卡,2,
1,17837,煤,2,
2,17836,航运,2,
2,17768,人寿,2,
2,17704,带来,2,
2,17701,怎么,2,
1,17686,原,2,
2,17672,成都,2,
2,17581,引发,2,
2,17519,本周,2,
2,17423,实际,2,
2,17275,京东,2,
2,17233,大会,2,
2,17208,媒体,2,
2,17137,新政,2,
2,17091,保利,2,
2,17031,一带,2,
2,16996,装备,2,
2,16878,消息,2,
2,16852,操作,2,
2,16837,三成,2,
2,16796,周五,2,
1,16793,网,2,
2,16767,打开,2,
2,16756,应对,2,
2,16691,周四,2,
2,16675,周二,2,
2,16657,云南,2,
2,16619,风电,2,
2,16596,六成,2,
2,16452,原油,2,
2,16406,煤价,2,
2,16388,建筑,2,
2,16332,六大,2,
1,16305,签,2,
2,16218,教育,2,
1,16204,房,2,
1,16191,案,2,
2,16178,实力,2,
2,16176,两年,2,
2,16083,周三,2,
2,16073,国产,2,
2,16054,航天,2,
2,16004,要求,2,
2,15930,药品,2,
2,15912,四成,2,
2,15841,商品,2,
1,15840,说,2,
1,15773,过,2,
2,15726,小幅,2,
2,15725,发电,2,
1,15724,号,2,
2,15695,百货,2,
2,15565,回调,2,
2,15540,区域,2,
2,15519,融合,2,
1,15489,曾,2,
1,15486,借,2,
2,15439,财富,2,
1,15354,送,2,
2,15293,情况,2,
2,15232,湖南,2,
2,15229,格力,2,
1,15215,致,2,
1,15211,却,2,
2,15182,中海,2,
2,15170,西部,2,
1,15138,城,2,
2,15063,关于,2,
2,15009,主题,2,
2,14876,不断,2,
2,14830,密集,2,
2,14828,中药,2,
2,14806,还有,2,
2,14787,八成,2,
2,14762,配置,2,
1,14734,港,2,
1,14668,靠,2,
2,14663,存在,2,
2,14642,深度,2,
2,14598,房贷,2,
3,14570,国务院,2,
2,14536,乳业,2,
1,14482,行,2,
1,14449,_,2,
2,14440,万吨,2,
2,14398,共享,2,
2,14395,疯狂,2,
2,14379,猜想,2,
2,14352,不会,2,
2,14327,盘点,2,
4,14278,钢铁行业,2,
2,14211,钢企,2,
2,14206,专区,2,
1,14200,价,2,
2,14166,生活,2,
2,14161,主要,2,
2,14119,波动,2,
1,14052,版,2,
2,14038,兄弟,2,
1,14029,国,2,
3,14029,贾跃亭,2,
1,13939,化,2,
2,13929,华夏,2,
2,13927,铝业,2,
2,13925,河北,2,
2,13923,挑战,2,
2,13890,哪里,2,
2,13858,超市,2,
2,13852,上汽,2,
4,13830,人工智能,2,
2,13782,以上,2,
2,13759,高送,2,
2,13686,咨询,2,
2,13672,中科,2,
2,13657,专线,2,
2,13642,厦门,2,
2,13640,供给,2,
2,13622,华谊,2,
2,13607,五成,2,
2,13600,地块,2,
2,13571,符合,2,
2,13510,主线,2,
2,13492,玻璃,2,
2,13452,没有,2,
2,13291,江西,2,
1,13290,度,2,
2,13256,两成,2,
2,13241,家房,2,
2,13163,短线,2,
2,13133,集中,2,
2,13132,发生,2,
2,13094,春节,2,
2,13093,效应,2,
3,13082,敢死队,2,
2,13076,兴业,2,
2,13048,修复,2,
2,13033,纷纷,2,
2,12920,机电,2,
1,12907,级,2,
2,12899,中央,2,
2,12886,十三,2,
2,12873,大连,2,
1,12811,吃,2,
2,12792,开放,2,
1,12777,定,2,
2,12762,论坛,2,
2,12737,高科,2,
3,12686,习近平,2,
2,12682,扎堆,2,
2,12679,视频,2,
2,12668,一周,2,
1,12663,传,2,
2,12655,中兴,2,
2,12640,精选,2,
2,12621,新规,2,
2,12578,世纪,2,
2,12569,房产,2,
2,12514,酒鬼,2,
2,12442,是否,2,
1,12428,得,2,
2,12426,取消,2,
2,12426,金价,2,
2,12377,酿酒,2,
1,12376,所,2,
2,12376,午评,2,
2,12340,江淮,2,
2,12333,酝酿,2,
2,12330,比例,2,
1,12322,应,2,
4,12322,国泰君安,2,
2,12276,逐步,2,
1,12173,想,2,
2,12166,来临,2,
4,12160,房贷利率,2,
2,12141,数字,2,
2,12108,结构,2,
2,12086,最后,2,
2,12025,上行,2,
2,12021,电池,2,
1,11958,贷,2,
1,11949,南,2,
1,11945,赴,2,
1,11931,很,2,
2,11851,海通,2,
2,11845,平均,2,
2,11804,逻辑,2,
2,11792,汇率,2,
4,11785,煤炭行业,2,
2,11720,福建,2,
2,11672,内部,2,
2,11594,中铁,2,
2,11586,要闻,2,
2,11576,轿车,2,
1,11569,药,2,
3,11552,银行业,2,
2,11506,港口,2,
2,11503,有限,2,
2,11478,排名,2,
2,11470,洗牌,2,
2,11455,神华,2,
1,11442,道,2,
2,11412,变化,2,
2,11410,日本,2,
2,11410,结束,2,
3,11399,自贸区,2,
2,11395,加强,2,
1,11385,发,2,
2,11382,不是,2,
2,11371,园林,2,
2,11355,东北,2,
2,11354,酒店,2,
2,11350,微信,2,
2,11349,大众,2,
2,11336,观察,2,
2,11334,中小,2,
2,11271,综合,2,
2,11271,业内,2,
2,11229,我们,2,
2,11226,小米,2,
1,11225,开,2,
3,11215,为什么,2,
2,11207,在线,2,
1,11194,购,2,
1,11167,待,2,
1,11149,把,2,
2,11145,泸州,2,
2,11133,跨境,2,
2,11129,合计,2,
2,11115,广发,2,
2,11112,光明,2,
2,11090,索赔,2,
1,11058,谈,2,
2,11049,西安,2,
2,11025,资讯,2,
2,10966,中粮,2,
2,10950,长安,2,
2,10934,来袭,2,
1,10819,净,2,
1,10779,而,2,
2,10776,煤电,2,
2,10773,油气,2,
2,10762,力度,2,
2,10762,制度,2,
4,10751,汽车行业,2,
1,10738,电,2,
2,10735,方向,2,
1,10691,讯,2,
2,10687,设计,2,
2,10679,华为,2,
2,10656,五年,2,
2,10614,挖掘,2,
2,10611,工行,2,
2,10546,峰会,2,
2,10525,三一,2,
2,10517,电影,2,
2,10515,民企,2,
2,10497,使用,2,
2,10493,置业,2,
2,10451,联盟,2,
2,10437,已经,2,
2,10431,直达,2,
2,10426,实体,2,
2,10422,周报,2,
1,10417,老,2,
2,10413,陕西,2,
2,10378,今天,2,
2,10368,下行,2,
2,10350,社会,2,
2,10337,西藏,2,
2,10337,首页,2,
1,10310,才,2,
1,10277,设,2,
2,10270,电价,2,
2,10266,多地,2,
2,10224,机场,2,
2,10222,地铁,2,
2,10217,河南,2,
2,10186,以来,2,
2,10175,巨大,2,
1,10173,油,2,
2,10170,合肥,2,
2,10169,电网,2,
2,10159,二线,2,
2,10156,步入,2,
2,10123,高价,2,
2,10066,博弈,2,
2,10032,养老,2,
3,10027,基本面,2,
2,10026,展望,2,
3,10011,制造业,2,
2,10010,厂家,2,
1,9994,区,2,
3,9974,结构性,2,
2,9945,周一,2,
2,9934,准备,2,
2,9919,拍卖,2,
2,9914,老窖,2,
2,9908,底部,2,
1,9891,物,2,
2,9887,生意,2,
1,9871,飞,2,
3,9869,万亿元,2,
2,9827,路桥,2,
2,9806,两会,2,
2,9774,住房,2,
2,9755,到底,2,
2,9728,国航,2,
2,9716,广电,2,
2,9700,方大,2,
2,9677,选择,2,
3,9668,成品油,2,
2,9656,临时,2,
3,9645,工信部,2,
2,9631,带动,2,
2,9628,今起,2,
2,9626,内参,2,
2,9618,紫金,2,
2,9607,套房,2,
2,9602,建材,2,
2,9596,民生,2,
1,9594,岁,2,
2,9579,知道,2,
2,9552,居前,2,
1,9519,张,2,
2,9498,造纸,2,
2,9491,双双,2,
2,9490,流通,2,
2,9479,建行,2,
2,9461,存货,2,
1,9450,气,2,
2,9406,门槛,2,
1,9400,砸,2,
2,9399,车市,2,
1,9378,京,2,
2,9378,流入,2,
1,9376,丨,2,
2,9369,普遍,2,
4,9362,商业地产,2,
2,9359,需要,2,
2,9354,电缆,2,
1,9351,共,2,
2,9347,伊利,2,
1,9326,款,2,
2,9322,水平,2,
1,9322,侧,2,
2,9319,同业,2,
2,9288,企稳,2,
2,9268,解决,2,
2,9258,研报,2,
1,9254,自,2,
3,9251,万美元,2,
2,9251,内地,2,
2,9249,交通,2,
2,9219,酒业,2,
2,9215,寻找,2,
2,9184,新区,2,
2,9181,弱势,2,
2,9154,火线,2,
2,9131,加息,2,
1,9126,者,2,
2,9094,限购,2,
2,9075,神州,2,
2,9039,意见,2,
2,9036,其他,2,
3,9035,十二五,2,
1,9031,分,2,
2,9003,投行,2,
2,8957,基因,2,
2,8949,大佬,2,
2,8946,考验,2,
2,8945,超大,2,
2,8944,水务,2,
1,8943,方,2,
2,8940,计算,2,
2,8921,电源,2,
2,8899,三个,2,
2,8888,险资,2,
2,8879,百度,2,
3,8862,特斯拉,2,
2,8857,煤企,2,
3,8856,分析师,2,
2,8847,尚未,2,
2,8801,通道,2,
3,8795,流动性,2,
2,8792,常态,2,
2,8773,检测,2,
2,8769,光大,2,
1,8759,每,2,
2,8750,部门,2,
2,8745,广汽,2,
2,8709,广西,2,
2,8700,展开,2,
2,8695,概率,2,
2,8684,首套,2,
2,8659,国信,2,
2,8642,条件,2,
2,8639,福田,2,
2,8634,华电,2,
2,8620,巨额,2,
2,8617,珠海,2,
2,8596,落户,2,
2,8589,团队,2,
2,8589,主席,2,
2,8581,专业,2,
2,8577,多重,2,
2,8567,种业,2,
1,8561,远,2,
2,8557,明确,2,
2,8509,单车,2,
2,8500,指标,2,
2,8495,大战,2,
2,8490,牌照,2,
3,8489,新闻网,2,
3,8485,收益率,2,
2,8484,钢价,2,
2,8481,余额,2,
2,8479,依然,2,
2,8475,通知,2,
2,8468,这个,2,
2,8468,最具,2,
2,8447,定价,2,
2,8439,之争,2,
2,8417,两个,2,
2,8394,等待,2,
2,8376,焦点,2,
2,8373,查询,2,
2,8370,鉴定,2,
2,8368,存款,2,
2,8360,苏州,2,
1,8338,封,2,
1,8324,他,2,
1,8320,谋,2,
1,8319,逢,2,
2,8318,专项,2,
2,8307,亚洲,2,
2,8301,凤凰,2,
2,8279,远洋,2,
2,8274,体验,2,
2,8261,东航,2,
3,8260,半导体,2,
2,8247,快递,2,
2,8240,基础,2,
2,8240,酒企,2,
2,8235,方式,2,
2,8223,走出,2,
2,8208,电机,2,
3,8201,王亚伟,2,
2,8200,框架,2,
2,8198,节后,2,
1,8183,六,2,
1,8172,该,2,
4,8168,长安汽车,2,
2,8168,电站,2,
2,8166,股望,2,
2,8164,滚动,2,
2,8154,燃气,2,
2,8153,鞍钢,2,
1,8153,爱,2,
2,8125,百万,2,
2,8123,广告,2,
2,8116,海航,2,
2,8108,处于,2,
2,8108,信用,2,
2,8107,南车,2,
2,8105,招行,2,
1,8098,海,2,
2,8093,二次,2,
2,8070,王石,2,
2,8069,直播,2,
2,8056,九成,2,
2,8044,多数,2,
2,8036,构建,2,
4,8034,最新消息,2,
2,8013,腾飞,2,
2,8011,科大,2,
2,8001,雄安,2,
2,7987,一天,2,
2,7977,欧洲,2,
2,7975,路径,2,
1,7951,商,2,
3,7945,钢铁业,2,
2,7945,中远,2,
1,7933,季,2,
1,7929,华,2,
2,7925,数量,2,
2,7914,佛山,2,
2,7914,纺织,2,
2,7906,洋河,2,
2,7903,轮胎,2,
2,7902,报道,2,
2,7893,真相,2,
2,7887,页岩,2,
2,7876,信贷,2,
1,7853,当,2,
2,7850,贸易,2,
2,7843,合格,2,
2,7843,故事,2,
1,7835,齐,2,
2,7828,欧元,2,
2,7799,两家,2,
2,7770,长沙,2,
2,7767,神秘,2,
2,7767,永辉,2,
2,7758,辽宁,2,
2,7752,车展,2,
3,7749,运营商,2,
2,7745,体育,2,
2,7740,依旧,2,
3,7736,独角兽,2,
2,7727,决定,2,
3,7720,京津冀,2,
3,7718,消费者,2,
1,7717,着,2,
1,7707,周,2,
2,7689,独立,2,
3,7687,铁矿石,2,
2,7684,形成,2,
4,7680,电力行业,2,
2,7674,到来,2,
2,7665,南北,2,
2,7653,入市,2,
2,7650,定位,2,
3,7642,倒计时,2,
2,7628,货运,2,
2,7623,收官,2,
2,7622,光线,2,
2,7617,南航,2,
2,7610,低位,2,
1,7589,粤,2,
2,7589,之后,2,
2,7577,显示,2,
2,7565,争夺,2,
2,7555,正文,2,
1,7544,绩,2,
1,7540,十,2,
2,7538,电动,2,
3,7534,京东方,2,
2,7531,动能,2,
2,7527,农村,2,
3,7492,保监会,2,
2,7486,走向,2,
1,7476,各,2,
2,7475,青海,2,
2,7471,三星,2,
2,7460,渤海,2,
2,7459,火电,2,
2,7458,物业,2,
2,7458,细分,2,
1,7455,进,2,
1,7438,铜,2,
1,7437,Ａ,2,
2,7428,机制,2,
2,7425,绿地,2,
2,7421,共同,2,
2,7417,强烈,2,
1,7413,战,2,
2,7409,马云,2,
2,7403,联通,2,
1,7402,船,2,
2,7401,发现,2,
1,7400,遇,2,
2,7374,多个,2,
2,7366,这样,2,
2,7355,步伐,2,
1,7352,性,2,
2,7346,低开,2,
2,7345,竞得,2,
1,7342,锌,2,
2,7317,中原,2,
1,7312,岛,2,
2,7310,利益,2,
1,7309,铝,2,
2,7308,开通,2,
4,7302,长城汽车,2,
3,7296,排行榜,2,
2,7292,二手,2,
2,7286,地震,2,
3,7285,农产品,2,
2,7284,保护,2,
2,7282,具备,2,
4,7275,中国联通,2,
4,7241,招商银行,2,
1,7236,项,2,
2,7227,獐子,2,
1,7226,微,2,
2,7224,昆明,2,
2,7213,配套,2,
2,7213,直线,2,
2,7205,扩容,2,
1,7199,力,2,
2,7197,三家,2,
2,7184,中证,2,
2,7181,经理,2,
1,7180,俄,2,
2,7175,观点,2,
2,7175,通胀,2,
1,7173,副,2,
1,7170,零,2,
2,7162,态势,2,
2,7150,现身,2,
2,7142,连锁,2,
2,7135,临近,2,
2,7133,新城,2,
2,7104,自己,2,
2,7096,煤业,2,
2,7095,中车,2,
2,7082,连阳,2,
2,7076,施工,2,
2,7072,要约,2,
1,7071,稳,2,
2,7070,规范,2,
2,7069,长春,2,
2,7065,多头,2,
2,7060,郑州,2,
2,7058,卖出,2,
4,7058,民生银行,2,
4,7055,医药行业,2,
2,7055,分享,2,
3,7054,亿港元,2,
2,7051,奶粉,2,
3,7035,太阳能,2,
2,6997,电信,2,
2,6994,组图,2,
4,6991,高速公路,2,
3,6987,美联储,2,
2,6985,主流,2,
2,6979,契机,2,
1,6971,们,2,
2,6970,海螺,2,
2,6964,江南,2,
1,6942,携,2,
2,6940,印度,2,
4,6934,兴业银行,2,
2,6925,亚太,2,
2,6925,蛋糕,2,
2,6924,文件,2,
2,6922,组织,2,
2,6907,接受,2,
2,6903,转向,2,
2,6896,补充,2,
1,6895,保,2,
3,6889,中海油,2,
2,6885,新浪,2,
1,6878,里,2,
2,6869,楼盘,2,
1,6863,信,2,
2,6843,电话,2,
2,6843,每日,2,
1,6841,哪,2,
2,6840,社区,2,
3,6838,任志强,2,
3,6823,草甘膦,2,
2,6816,农行,2,
2,6795,预告,2,
1,6790,啥,2,
2,6789,上攻,2,
2,6787,终结,2,
1,6774,令,2,
1,6768,桩,2,
2,6756,首富,2,
4,6749,工程机械,2,
2,6734,评估,2,
2,6734,金矿,2,
2,6720,保费,2,
1,6717,水,2,
3,6706,银监会,2,
2,6699,家族,2,
2,6680,安信,2,
1,6677,店,2,
2,6671,管道,2,
4,6664,中信银行,2,
2,6660,情绪,2,
1,6659,早,2,
2,6652,供需,2,
2,6651,催生,2,
2,6641,缘何,2,
1,6629,昨,2,
2,6620,议案,2,
2,6598,导航,2,
2,6596,首届,2,
3,6584,城镇化,2,
1,6580,特,2,
1,6578,回,2,
3,6568,市场化,2,
2,6567,中资,2,
2,6554,目录,2,
1,6553,真,2,
4,6534,云南白药,2,
2,6534,中性,2,
3,6524,成绩单,2,
2,6520,视讯,2,
1,6518,预,2,
1,6516,卡,2,
2,6511,暗藏,2,
2,6508,支行,2,
2,6506,中行,2,
1,6504,换,2,
2,6498,降准,2,
3,6493,塑化剂,2,
2,6485,逐渐,2,
2,6476,登记,2,
3,6472,贝因美,2,
2,6467,一度,2,
2,6459,服装,2,
2,6430,济南,2,
2,6430,航线,2,
2,6406,住宅,2,
4,6403,网络安全,2,
2,6400,扫码,2,
4,6399,中国银行,2,
2,6393,三线,2,
4,6381,无人驾驶,2,
1,6377,太,2,
2,6372,落幕,2,
2,6369,动态,2,
2,6366,现代,2,
2,6364,港元,2,
1,6362,见,2,
2,6361,海尔,2,
2,6353,银河,2,
2,6337,东阿,2,
2,6332,货币,2,
2,6327,走进,2,
1,6326,忙,2,
1,6317,机,2,
1,6309,连,2,
2,6299,官员,2,
2,6284,试水,2,
2,6281,农药,2,
1,6278,材,2,
3,6264,国家队,2,
2,6263,证金,2,
2,6261,门店,2,
2,6250,业界,2,
2,6240,重卡,2,
2,6235,建立,2,
2,6232,国电,2,
2,6230,化肥,2,
2,6227,接近,2,
2,6216,国美,2,
2,6203,家居,2,
2,6201,只是,2,
2,6195,海洋,2,
2,6192,英国,2,
2,6185,整车,2,
4,6181,金融机构,2,
1,6176,银,2,
2,6162,运输,2,
2,6161,责任,2,
2,6160,有关,2,
2,6159,海运,2,
2,6159,吉利,2,
2,6142,史上,2,
1,6140,女,2,
2,6139,西南,2,
2,6137,半日,2,
1,6123,展,2,
2,6120,锁定,2,
2,6120,日报,2,
2,6098,北车,2,
1,6089,条,2,
2,6088,买房,2,
2,6087,巨资,2,
2,6082,市民,2,
2,6044,通用,2,
2,6024,首份,2,
2,6006,耗资,2,
2,5986,天马,2,
2,5978,华菱,2,
2,5929,三峡,2,
1,5913,北,2,
1,5894,造,2,
2,5876,紫光,2,
2,5875,拟向,2,
2,5857,大唐,2,
2,5851,大通,2,
2,5821,飞天,2,
1,5809,渝,2,
4,5786,国家电网,2,
1,5760,英,2,
1,5733,佳,2,
2,5719,服饰,2,
2,5695,包装,2,
2,5689,频繁,2,
1,5665,板,2,
2,5597,过半,2,
1,5545,辆,2,
2,5529,陆续,2,
2,5522,集成,2,
2,5513,这家,2,
3,5508,雅戈尔,2,
2,5497,潍柴,2,
2,5494,北汽,2,
2,5464,动漫,2,
2,5429,期间,2,
2,5428,认定,2,
1,5391,纯,2,
2,5378,万方,2,
2,5294,静待,2,
2,5291,清洁,2,
2,5131,方面,2,
2,5059,甩卖,2,
3,5050,出厂价,2,
2,4978,份额,2,
2,4935,售价,2,
2,4924,评价,2,
2,4912,转换,2,
1,4911,神,2,
2,4864,永安,2,
2,4863,金风,2,
2,4846,海康,2,
2,4837,电工,2,
2,4827,已有,2,
1,4807,德,2,
2,4803,延伸,2,
4,4789,解决方案,2,
2,4721,胜利,2,
2,4720,宁夏,2,
3,4714,产业化,2,
4,4710,双汇发展,2,
3,4682,煤化工,2,
2,4667,天地,2,
1,4660,雷,2,
1,4653,马,2,
2,4609,华能,2,
2,4602,舍得,2,
2,4589,证书,2,
2,4582,双降,2,
2,4574,置换,2,
2,4535,中铝,2,
2,4525,烟台,2,
2,4524,华北,2,
2,4522,说明,2,
2,4508,比特,2,
2,4458,医保,2,
2,4434,中恒,2,
1,4425,披,2,
2,4410,沱牌,2,
2,4385,炭素,2,
3,4374,王老吉,2,
2,4357,切入,2,
2,4316,替代,2,
2,4298,二度,2,
2,4273,生科,2,
4,4263,中集集团,2,
2,4236,长虹,2,
2,4235,搬迁,2,
2,4218,彩虹,2,
2,4202,海马,2,
2,4181,沧州,2,
2,4155,锂电,2,
2,4151,数控,2,
2,4110,广药,2,
2,4106,专注,2,
4,4102,青岛海尔,2,
2,4101,力帆,2,
2,4091,陈述,2,
2,4080,岭南,2,
2,4080,汉王,2,
2,4053,威视,2,
2,4035,亚星,2,
1,4024,康,2,
2,4015,沃森,2,
2,4010,提议,2,
2,3973,内蒙,2,
2,3970,中化,2,
2,3950,钨业,2,
2,3925,电梯,2,
2,3916,华西,2,
2,3896,产生,2,
2,3887,江铃,2,
2,3842,中环,2,
2,3835,康佳,2,
2,3816,大华,2,
2,3792,福特,2,
1,3784,孙,2,
2,3783,科达,2,
2,3752,莱茵,2,
2,3750,胶囊,2,
2,3720,双汇,2,
4,3704,燕京啤酒,2,
2,3691,天业,2,
2,3689,非洲,2,
2,3665,生猪,2,
2,3664,美邦,2,
2,3657,北大,2,
2,3645,中核,2,
4,3641,冀东水泥,2,
2,3624,之一,2,
2,3609,铁塔,2,
2,3602,金隅,2,
3,3595,中关村,2,
2,3540,山水,2,
2,3533,亿建,2,
2,3516,管业,2,
1,3514,斯,2,
2,3476,天齐,2,
2,3467,疫情,2,
2,3453,东宝,2,
2,3446,昔日,2,
2,3440,君正,2,
2,3436,联创,2,
2,3422,银星,2,
2,3418,亿定,2,
2,3366,安凯,2,
2,3336,金马,2,
2,3333,永泰,2,
2,3309,汤臣,2,
2,3294,长信,2,
2,3279,天山,2,
2,3265,东南,2,
2,3257,华星,2,
2,3251,简称,2,
2,3250,运通,2,
1,3247,玻,2,
3,3244,华科技,2,
2,3231,张裕,2,
2,3175,腾达,2,
2,3172,求证,2,
2,3172,特变,2,
2,3171,华海,2,
2,3110,马钢,2,
2,3110,达尔,2,
2,3099,奥飞,2,
1,3093,健,2,
2,3039,三九,2,
2,3037,华帝,2,
2,3033,意向,2,
2,3033,面板,2,
3,3033,康恩贝,2,
1,3031,兆,2,
2,3023,九阳,2,
2,3021,修正,2,
2,3020,万里,2,
3,3019,天士力,2,
2,3006,爱康,2,
2,2997,金城,2,
2,2984,三聚,2,
3,2957,片仔癀,2,
2,2949,批文,2,
2,2925,九洲,2,
2,2923,青松,2,
1,2913,笔,2,
2,2886,智飞,2,
3,2836,第三次,2,
2,2832,中通,2,
2,2817,海龙,2,
2,2811,哈药,2,
2,2785,威海,2,
2,2779,天润,2,
2,2773,人福,2,
2,2744,福耀,2,
2,2734,亨通,2,
2,2722,恒力,2,
2,2720,沙钢,2,
2,2701,科力,2,
2,2679,拟以,2,
2,2673,椰岛,2,
2,2657,双星,2,
2,2657,新农,2,
2,2654,鱼跃,2,
2,2643,国酒,2,
3,2639,富安娜,2,
2,2632,晨光,2,
2,2632,之家,2,
1,2631,谷,2,
2,2601,通威,2,
2,2597,金杯,2,
2,2596,防务,2,
2,2592,大族,2,
2,2587,森马,2,
2,2571,勤上,2,
2,2567,四方,2,
2,2559,兴发,2,
4,2547,四川双马,2,
2,2546,美达,2,
2,2532,先河,2,
3,2531,欧菲光,2,
3,2526,海普瑞,2,
2,2524,宝武,2,
2,2523,澳洋,2,
2,2499,大富,2,
2,2492,四环,2,
2,2490,康芝,2,
2,2489,海澜,2,
2,2482,海格,2,
2,2478,海药,2,
2,2470,科陆,2,
2,2460,创维,2,
2,2453,无偿,2,
2,2442,水产,2,
2,2429,新能,2,
2,2412,赣锋,2,
2,2389,剩余,2,
2,2382,承德,2,
2,2368,特锐,2,
2,2367,核材,2,
2,2364,铸管,2,
3,2364,多氟多,2,
2,2360,银隆,2,
2,2349,乐普,2,
2,2344,金发,2,
2,2334,沃尔,2,
2,2325,合众,2,
2,2324,三全,2,
1,2319,丝,2,
3,2318,万家乐,2,
2,2295,神火,2,
2,2279,华工,2,
2,2262,横店,2,
2,2255,泵业,2,
2,2250,宜化,2,
2,2244,华峰,2,
3,2240,补偿款,2,
2,2239,莲花,2,
2,2231,宗申,2,
3,2218,苏泊尔,2,
2,2207,绒业,2,
2,2204,万华,2,
2,2202,达安,2,
4,2177,南宁糖业,2,
2,2164,江特,2,
2,2158,顺鑫,2,
2,2155,歌尔,2,
3,2146,报喜鸟,2,
2,2145,龙山,2,
2,2143,常山,2,
1,2135,屏,2,
2,2130,红日,2,
2,2125,瑞丰,2,
2,2115,唐人,2,
2,2109,皇氏,2,
2,2099,鸿博,2,
2,2089,火腿,2,
2,2086,洽洽,2,
2,2072,传动,2,
3,2064,第四届,2,
2,2057,战投,2,
2,2056,利尔,2,
2,2041,海能,2,
3,2039,大北农,2,
2,2031,美锦,2,
4,2028,丽珠集团,2,
2,2028,古越,2,
2,2028,齐翔,2,
2,2008,共计,2,
4,2007,华新水泥,2,
3,2001,青稞酒,2,
2,2000,长电,2,
2,1995,海翔,2,
2,1993,神开,2,
2,1990,香雪,2,
2,1983,鲁西,2,
3,1979,惠而浦,2,
2,1976,宇顺,2,
2,1966,特种,2,
2,1966,西王,2,
2,1953,莱宝,2,
2,1950,日升,2,
2,1939,金顶,2,
4,1936,西藏药业,2,
2,1931,大禹,2,
2,1927,海立,2,
2,1925,鸿利,2,
2,1920,亿至,2,
2,1916,红外,2,
2,1914,东凌,2,
3,1907,北斗星,2,
1,1905,驰,2,
2,1902,长盈,2,
2,1899,翰宇,2,
2,1890,天奇,2,
2,1871,雨虹,2,
2,1868,高德,2,
2,1861,信维,2,
2,1852,恒逸,2,
2,1847,飞乐,2,
2,1844,罗平,2,
2,1835,三钢,2,
2,1829,以岭,2,
2,1826,三泰,2,
2,1823,得润,2,
3,1822,资不超,2,
3,1820,山铝业,2,
3,1816,宝泰隆,2,
2,1807,当升,2,
2,1801,中鼎,2,
2,1796,露露,2,
2,1794,冠昊,2,
2,1791,江中,2,
2,1790,东港,2,
4,1789,太极集团,2,
2,1782,莱美,2,
2,1777,南钢,2,
3,1763,索菲亚,2,
2,1756,劲嘉,2,
2,1744,新纶,2,
2,1740,雷曼,2,
2,1724,上年,2,
2,1723,广济,2,
2,1721,中利,2,
2,1697,红豆,2,
2,1693,青龙,2,
2,1691,华仁,2,
2,1667,防控,2,
2,1667,银亿,2,
2,1666,龙盛,2,
2,1658,安洁,2,
2,1656,股通,2,
2,1638,雅化,2,
2,1635,卓翼,2,
2,1633,云内,2,
2,1627,山鹰,2,
2,1625,截至,2,
2,1623,安琪,2,
2,1620,达华,2,
3,1604,好想你,2,
2,1592,双鹤,2,
1,1587,氢,2,
2,1579,朗姿,2,
3,1574,第二次,2,
2,1574,康强,2,
2,1565,新筑,2,
2,1557,众生,2,
2,1555,泰和,2,
3,1550,九芝堂,2,
2,1530,恒星,2,
2,1522,孚日,2,
2,1511,百润,2,
2,1507,信邦,2,
2,1506,顺昌,2,
2,1497,海大,2,
3,1496,欣旺达,2,
2,1489,华映,2,
2,1484,巨星,2,
2,1484,双塔,2,
2,1483,益佰,2,
2,1479,封板,2,
3,1477,第六届,2,
2,1475,京新,2,
2,1470,福安,2,
2,1453,塔牌,2,
2,1450,永太,2,
3,1447,第七届,2,
2,1446,奥威,2,
3,1431,深圳市,2,
4,1429,中炬高新,2,
3,1428,黑芝麻,2,
4,1407,风华高科,2,
2,1387,恒邦,2,
2,1351,赛轮,2,
2,1350,锦富,2,
2,1316,亿晶,2,
2,1289,日海,2,
2,1253,恩华,2,
2,1251,蓝帆,2,
2,1251,振东,2,
2,1248,万泽,2,
2,1230,中京,2,
3,1221,第一次,2,
2,1217,金智,2,
2,1209,浔兴,2,
2,1198,物资,2,
2,1183,新奥,2,
2,1180,广誉,2,
1,1152,隆,2,
2,1139,鸿路,2,
2,1131,天康,2,
2,1111,国轩,2,
2,1103,秀强,2,
2,1094,中顺,2,
3,1083,信立泰,2,
2,1069,洁柔,2,
2,1067,延安,2,
2,1066,杭氧,2,
2,1036,华邦,2,
2,970,复工,2,
2,955,雅本,2,
1,938,顺,2,
2,837,思达,2,
2,814,闻泰,2,
2,797,必康,2,
3,790,李保芳,2,
1,774,扣,2,
2,758,口罩,2,
2,754,昆药,2,
2,745,大麻,2,
2,728,景峰,2,
3,702,坚瑞沃,2,
2,698,吉药,2,
3,665,蟒佰利,2,
2,657,户数,2,
2,619,医用,2,
2,589,光启,2,
2,553,台海,2,
2,537,融钰,2,
2,523,快报,2,
2,516,预案,2,
3,507,奥克斯,2,
2,437,名单,2,
2,427,肺炎,2,
2,403,藏格,2,
2,394,梦洁,2,
3,373,名医药,2,
1,366,妙,2,
2,345,新冠,2,
2,337,高瓴,2,
2,313,蓝谷,2,
3,298,龙虎榜,2,
2,276,航锦,2,
2,259,德展,2,
2,164,蓝多,2,
2,69212,亏损,1,1
2,63891,下滑,1,1
2,17239,低迷,1,1
2,16941,预亏,1,1
2,13275,巨亏,1,1
1,13163,亏,1,1
2,13111,缩水,1,1
2,11310,拖累,1,1
2,9729,损失,1,1
2,9679,降低,1,1
2,9210,限售,1,1
2,4323,降幅,1,1
2,4139,预减,1,1
2,4004,虚增,1,1
2,1419,转亏,1,1
2,1056,由盈,1,1
3,0,不增利,1,1
2,12685,停产,1,2
2,9576,难题,1,2
2,7842,不合格,1,2
2,7277,召回,1,2
2,6354,减产,1,2
2,5970,瓶颈,1,2
3,0,不合格,1,2
1,134574,跌,1,3
2,113810,减持,1,3
2,101773,跌停,1,3
2,96758,停牌,1,3
2,65039,风险,1,3
2,49779,震荡,1,3
2,41117,下跌,1,3
2,28981,贷款,1,3
2,27872,大跌,1,3
2,23548,套现,1,3
2,22767,暴跌,1,3
2,22721,回落,1,3
2,21771,退市,1,3
2,17155,抄底,1,3
2,16278,逆市,1,3
2,16218,走高,1,3
2,15529,接盘,1,3
2,14737,债务,1,3
2,13780,利空,1,3
2,13474,跳水,1,3
2,12276,负债,1,3
2,12126,领跌,1,3
2,11024,下挫,1,3
2,10806,蒸发,1,3
1,10466,债,1,3
2,10241,抛售,1,3
1,10215,抛,1,3
2,8714,违约,1,3
2,8085,跌破,1,3
2,8069,出逃,1,3
2,7804,泡沫,1,3
2,7144,超跌,1,3
2,5390,大降,1,3
2,4260,减值,1,3
2,4222,浮亏,1,3
2,2980,闪崩,1,3
4,0,内幕交易,1,3
1,96845,遭,1,4
2,48045,转让,1,4
2,45572,监管,1,4
2,41596,违规,1,4
2,29988,涉嫌,1,4
2,28691,辞职,1,4
2,24127,质疑,1,4
2,22393,异动,1,4
2,16480,危机,1,4
1,15416,罚,1,4
2,14488,炒作,1,4
2,14165,立案,1,4
2,12868,造假,1,4
1,12787,门,1,4
2,12592,违法,1,4
1,12406,陷,1,4
2,11754,罚单,1,4
2,11630,冻结,1,4
2,11602,处罚,1,4
2,10629,警示,1,4
2,10592,离职,1,4
2,9502,核查,1,4
2,9486,起诉,1,4
2,9186,变动,1,4
2,9040,介入,1,4
2,8733,诉讼,1,4
2,8272,处理,1,4
2,7976,困局,1,4
2,7929,虚假,1,4
2,7750,发酵,1,4
2,7670,破产,1,4
2,7560,分歧,1,4
2,6859,解除,1,4
2,6309,裁员,1,4
2,6232,自救,1,4
2,6144,异常,1,4
2,5843,操纵,1,4
2,5616,罚款,1,4
2,5596,法院,1,4
2,5409,谴责,1,4
2,5268,深陷,1,4
2,5246,审查,1,4
2,4849,处置,1,4
2,4583,责令,1,4
2,3760,告吹,1,4
2,3627,审计,1,4
3,3395,限制性,1,4
4,3061,行政处罚,1,4
2,2680,注销,1,4
2,2553,被动,1,4
2,2507,采取,1,4
3,0,关注函,1,4
1,29967,非,1,
2,19566,上演,1,
2,17854,退出,1,
2,8504,变脸,1,
1,230935,被,1,
1,152214,不,1,
2,93244,提示,1,
2,50807,下降,1,
1,45496,降,1,
1,44472,未,1,
2,41376,终止,1,
1,38005,创,1,
1,36877,低,1,
2,35420,设立,1,
2,34455,面临,1,
2,33637,问题,1,
1,27874,小,1,
1,27363,难,1,
2,25570,事件,1,
2,24342,下调,1,
2,22938,能否,1,
2,22403,冲击,1,
2,22278,遭遇,1,
1,21231,卖,1,
2,20237,周期,1,
2,17689,暂停,1,
1,17116,破,1,
2,16813,严重,1,
2,16635,问询,1,
2,16239,不足,1,
2,15239,加剧,1,
2,15183,减少,1,
1,14283,没,1,
2,13625,低于,1,
1,13406,函,1,
2,13066,放缓,1,
2,12980,逼近,1,
2,12796,新低,1,
2,12596,谨慎,1,
2,11500,不再,1,
2,11207,过剩,1,
2,10776,不能,1,
1,10731,涉,1,
2,10163,重挫,1,
2,9273,争议,1,
2,8896,隐忧,1,
2,8724,流出,1,
2,8592,被否,1,
2,8566,风波,1,
2,8517,警惕,1,
2,8275,垄断,1,
2,8263,事故,1,
2,8243,走低,1,
2,8005,失败,1,
2,7956,延期,1,
2,7779,寒冬,1,
2,7726,险企,1,
2,7715,举报,1,
2,7382,降温,1,
2,7381,放弃,1,
2,7336,困境,1,
2,7333,紧急,1,
1,7292,踩,1,
2,7271,收紧,1,
2,7261,泄密,1,
2,7041,纠纷,1,
2,7009,生变,1,
2,6986,暴风,1,
2,6938,污染,1,
2,6907,风暴,1,
2,6656,存疑,1,
2,6605,通报,1,
2,6539,潜伏,1,
2,6329,乱象,1,
2,6200,限制,1,
2,6162,叫停,1,
2,6084,导致,1,
2,6009,腰斩,1,
2,5828,到期,1,
2,5186,无法,1,
2,5014,逾期,1,
2,4978,赔偿,1,
2,4454,撤销,1,
3,4138,黑天鹅,1,
2,3610,造成,1,
2,1487,回天,1,
2,643,猪瘟,1,
2,6076,洛阳,,
2,6074,半数,,
2,6071,补血,,
2,6065,武钢,,
2,6064,玄机,,
2,6062,七股,,
2,6055,回顾,,
3,6055,袁大头,,
2,6053,四股,,
2,6049,巨丰,,
3,6034,零售业,,
2,6023,力量,,
2,5999,现场,,
2,5999,亿购,,
2,5998,高开,,
2,5982,为主,,
2,5981,甘肃,,
4,5975,蓄势待发,,
3,5973,大规模,,
3,5953,商务部,,
2,5944,悄然,,
2,5936,央视,,
1,5923,带,,
2,5914,净赚,,
1,5910,剑,,
1,5903,绿,,
2,5902,特色,,
2,5881,中百,,
2,5876,铁建,,
2,5872,建成,,
2,5872,题材,,
3,5867,李克强,,
2,5864,大赛,,
2,5863,放开,,
2,5859,多只,,
3,5852,俄罗斯,,
2,5847,新车,,
2,5846,沈阳,,
2,5843,最低,,
2,5839,吸金,,
3,5837,巴菲特,,
2,5834,告别,,
2,5831,淡季,,
2,5830,就是,,
2,5828,夏利,,
2,5827,出去,,
2,5827,额度,,
3,5825,摇钱树,,
2,5824,温州,,
2,5817,公众,,
2,5815,环球,,
2,5812,购物,,
2,5800,内容,,
1,5799,越,,
2,5789,宣传,,
2,5787,申万,,
2,5786,安邦,,
1,5774,死,,
2,5758,人员,,
2,5757,酒类,,
3,5757,老凤祥,,
1,5751,重,,
2,5747,走弱,,
1,5745,台,,
1,5745,恐,,
2,5735,票房,,
2,5734,速度,,
2,5731,年末,,
3,5720,大金股,,
2,5713,副总,,
2,5712,效果,,
2,5706,补涨,,
2,5697,蓝海,,
2,5696,散户,,
3,5693,博览会,,
2,5692,男子,,
2,5691,单位,,
2,5680,抢滩,,
2,5673,或迎,,
1,5669,显,,
2,5668,无人,,
2,5660,东华,,
2,5657,五矿,,
1,5656,牌,,
2,5649,不改,,
2,5643,东莞,,
2,5642,示范,,
2,5629,指涨,,
3,5606,发布会,,
2,5603,定制,,
1,5601,找,,
1,5593,同,,
2,5592,审批,,
2,5592,最快,,
3,5583,银行卡,,
2,5578,韩国,,
2,5576,中南,,
2,5573,航母,,
2,5570,小房,,
4,5560,阿里巴巴,,
2,5559,无锡,,
2,5556,诚信,,
2,5555,透露,,
2,5542,哪儿,,
2,5534,人士,,
2,5533,手游,,
2,5532,不变,,
2,5531,突出,,
2,5529,塑料,,
3,5527,两重天,,
2,5518,油田,,
1,5517,救,,
2,5517,云商,,
2,5507,出版,,
1,5502,身,,
4,5498,电动汽车,,
2,5495,表示,,
2,5493,第三,,
2,5490,叠加,,
4,5484,化工行业,,
1,5483,处,,
2,5481,橡胶,,
3,5476,争夺战,,
3,5466,白酒业,,
2,5463,周年,,
4,5463,信息安全,,
2,5461,收费,,
2,5457,网友,,
2,5454,美股,,
2,5452,热潮,,
2,5448,三类,,
1,5441,钢,,
2,5438,鼓励,,
2,5437,区间,,
3,5437,碧桂园,,
2,5432,几何,,
1,5429,跟,,
1,5421,冲,,
2,5420,这么,,
2,5418,多空,,
2,5416,关口,,
3,5415,商用车,,
3,5410,信息化,,
2,5406,加入,,
2,5404,整理,,
2,5404,期权,,
2,5396,十九,,
2,5392,高达,,
2,5387,细则,,
1,5381,拉,,
2,5378,狂飙,,
2,5378,限产,,
2,5376,珠宝,,
3,5374,企业家,,
1,5372,住,,
2,5365,触底,,
4,5359,食品饮料,,
2,5356,失守,,
2,5356,极度,,
2,5354,尴尬,,
2,5350,打印,,
2,5350,泰禾,,
3,5327,蓝筹股,,
2,5325,陷入,,
2,5322,黑色,,
1,5321,先,,
2,5312,借力,,
2,5307,追踪,,
2,5288,隐现,,
2,5286,博会,,
4,5285,申银万国,,
4,5284,商业银行,,
2,5280,前瞻,,
2,5274,居民,,
2,5274,紧张,,
1,5272,众,,
2,5271,谈判,,
2,5262,评论,,
2,5259,大幕,,
2,5255,大地,,
2,5254,行为,,
3,5254,王健林,,
2,5251,高峰,,
2,5251,领衔,,
2,5249,配售,,
1,5247,层,,
2,5239,穿戴,,
2,5238,完美,,
1,5236,红,,
2,5231,宝能,,
2,5229,缩量,,
2,5227,湘鄂,,
2,5220,双十,,
2,5212,投放,,
1,5211,黑,,
2,5210,广场,,
2,5205,开市,,
2,5204,新年,,
2,5203,股迎,,
2,5202,呈现,,
2,5202,动作,,
2,5202,国金,,
2,5198,排队,,
2,5191,深港,,
2,5189,天价,,
2,5188,国庆,,
2,5186,标杆,,
2,5183,成果,,
2,5181,升至,,
2,5177,餐饮,,
2,5174,增量,,
2,5172,破解,,
1,5159,七,,
1,5158,赌,,
2,5153,仍存,,
2,5152,曲线,,
2,5152,托运,,
3,5148,中医药,,
2,5146,观望,,
2,5142,不到,,
2,5141,考虑,,
2,5138,入驻,,
2,5136,开闸,,
2,5136,普涨,,
2,5124,王者,,
3,5120,路线图,,
2,5119,小微,,
1,5110,它,,
1,5109,提,,
2,5109,跌近,,
2,5105,生命,,
2,5104,赢家,,
2,5102,周末,,
2,5101,组建,,
2,5100,功能,,
2,5097,转增,,
2,5095,来自,,
1,5094,附,,
2,5091,掀起,,
3,5089,价格战,,
2,5088,发文,,
2,5088,广汇,,
2,5087,详解,,
1,5084,法,,
2,5080,做好,,
2,5076,维权,,
2,5070,频出,,
2,5068,时尚,,
2,5067,制定,,
4,5066,航空公司,,
2,5063,倒逼,,
2,5060,协会,,
3,5056,第三方,,
2,5055,中企,,
2,5054,落实,,
2,5053,八股,,
1,5048,藏,,
2,5047,引擎,,
2,5042,八大,,
2,5039,甲醇,,
2,5036,爆炸,,
2,5035,案例,,
2,5027,抢占,,
2,5025,真的,,
2,5020,指跌,,
2,5019,整治,,
4,5017,金融服务,,
2,5016,线下,,
2,5015,利增,,
2,5010,两股,,
1,5009,间,,
2,5006,被查,,
1,5005,刷,,
2,5003,待解,,
2,4997,四年,,
2,4996,怎样,,
2,4991,归来,,
1,4990,拍,,
2,4985,航班,,
3,4982,内蒙古,,
2,4976,资质,,
3,4972,权重股,,
2,4970,呼吁,,
2,4970,备战,,
2,4968,神话,,
1,4967,事,,
1,4965,局,,
4,4962,黄金价格,,
2,4960,艰难,,
2,4959,豪赌,,
2,4955,商场,,
2,4954,熊猫,,
3,4954,证券化,,
2,4953,拉动,,
1,4951,社,,
2,4945,自动,,
1,4944,表,,
2,4943,变数,,
2,4943,外媒,,
2,4940,参加,,
2,4939,欧盟,,
3,4939,四大行,,
2,4937,注意,,
2,4935,承认,,
2,4935,综述,,
2,4935,窗口,,
2,4931,红旗,,
2,4926,涌入,,
2,4923,燃油,,
2,4914,混合,,
2,4913,预警,,
1,4908,惹,,
2,4907,迅速,,
2,4906,国债,,
2,4906,上榜,,
2,4904,冰火,,
2,4904,海润,,
2,4901,不减,,
2,4900,案件,,
2,4900,网站,,
2,4899,台湾,,
2,4898,买卖,,
1,4895,少,,
2,4894,白银,,
1,4888,东,,
2,4884,表态,,
3,4881,换手率,,
2,4879,盛大,,
2,4877,榜单,,
4,4876,卷土重来,,
2,4875,早间,,
2,4873,中弘,,
1,4872,退,,
1,4870,停,,
2,4867,官方,,
1,4866,轮,,
2,4866,悬念,,
2,4862,公益,,
2,4855,一起,,
2,4851,形势,,
2,4847,本土,,
2,4846,沥青,,
3,4846,负债率,,
2,4844,不要,,
2,4844,开采,,
2,4842,人事,,
2,4841,进驻,,
2,4840,早评,,
2,4839,焦煤,,
2,4838,领导,,
3,4836,汽车业,,
2,4833,迹象,,
2,4831,意外,,
3,4831,高质量,,
2,4828,福州,,
2,4828,网贷,,
2,4827,中冶,,
2,4826,范围,,
2,4822,驾驶,,
2,4819,最好,,
2,4819,时候,,
2,4819,联想,,
2,4818,融创,,
2,4817,样本,,
2,4809,防御,,
2,4796,究竟,,
1,4796,刚,,
2,4793,宽松,,
2,4793,站上,,
2,4791,风格,,
2,4785,至少,,
2,4785,院线,,
3,4784,金融股,,
3,4782,负增长,,
1,4780,假,,
1,4780,长,,
2,4779,圈地,,
2,4773,家庭,,
2,4773,考察,,
2,4773,缺口,,
2,4768,品质,,
2,4767,金科,,
2,4761,接连,,
1,4758,米,,
2,4758,专访,,
3,4757,营业部,,
2,4751,京城,,
2,4746,或超,,
2,4745,资格,,
1,4743,入,,
1,4738,添,,
3,4735,资金面,,
2,4732,激活,,
2,4731,降息,,
2,4730,康美,,
2,4726,同行,,
2,4725,大量,,
3,4725,黑龙江,,
2,4725,储备,,
2,4725,华丽,,
2,4724,百强,,
2,4724,逆转,,
2,4719,天下,,
2,4716,记者,,
2,4711,一场,,
2,4711,时机,,
2,4701,学习,,
2,4699,秘密,,
2,4694,一半,,
2,4694,爆炒,,
1,4681,种,,
3,4679,私有化,,
2,4678,死亡,,
2,4676,演绎,,
2,4671,对接,,
2,4667,担忧,,
2,4662,冠军,,
2,4662,阅读,,
4,4661,兖州煤业,,
2,4660,年来,,
2,4659,全力,,
1,4647,记,,
3,4646,爆发力,,
2,4645,一次,,
3,4643,一个月,,
2,4643,淘汰,,
3,4643,小天鹅,,
2,4639,起航,,
3,4639,孙宏斌,,
1,4637,调,,
2,4632,跻身,,
2,4628,坚守,,
2,4626,评选,,
2,4624,儿童,,
2,4622,焦炭,,
2,4621,富豪,,
2,4618,唯一,,
3,4614,公积金,,
2,4607,组合,,
1,4605,情,,
2,4605,受阻,,
2,4604,出席,,
3,4604,中间价,,
2,4593,非法,,
2,4591,盐湖,,
2,4588,高盛,,
2,4585,有人,,
2,4577,重返,,
4,4576,高新技术,,
2,4571,宝安,,
2,4568,首单,,
2,4566,指南,,
2,4566,安防,,
4,4561,呼之欲出,,
2,4560,活力,,
2,4560,电改,,
2,4556,部委,,
1,4554,省,,
2,4554,谋求,,
2,4546,精彩,,
2,4534,避险,,
2,4534,早报,,
2,4532,两日,,
2,4532,恒生,,
3,4524,无人机,,
2,4519,金服,,
2,4512,建仓,,
2,4507,集运,,
2,4504,法国,,
2,4503,化解,,
2,4498,海上,,
2,4494,前行,,
2,4490,各地,,
2,4489,亮眼,,
2,4484,闭眼,,
2,4483,公里,,
2,4483,建投,,
2,4481,调价,,
2,4481,大戏,,
3,4469,增值税,,
2,4468,太原,,
4,4466,货币政策,,
2,4464,传言,,
2,4463,贬值,,
2,4462,澳洲,,
2,4459,手表,,
2,4456,现在,,
2,4455,收涨,,
2,4454,巴西,,
1,4454,农,,
2,4451,杀跌,,
1,4446,铅,,
2,4445,路上,,
2,4443,中华,,
2,4443,浙商,,
2,4442,堪忧,,
2,4440,拉开,,
2,4438,靓丽,,
2,4435,松绑,,
2,4433,现象,,
2,4433,量子,,
2,4432,双重,,
2,4430,一季,,
2,4425,出行,,
2,4425,反击,,
2,4425,重塑,,
1,4424,招,,
1,4422,急,,
2,4418,商行,,
2,4416,真正,,
2,4408,律师,,
1,4408,外,,
2,4407,警方,,
2,4402,公路,,
2,4402,部署,,
1,4401,逆,,
2,4396,女性,,
2,4394,交行,,
2,4392,蓝色,,
1,4391,花,,
3,4379,新华社,,
3,4370,纪念币,,
2,4370,股现,,
2,4367,暂时,,
2,4364,寻求,,
2,4363,当时,,
2,4357,总局,,
2,4357,刷新,,
2,4355,海顺,,
2,4353,公寓,,
2,4352,吸引,,
2,4351,外汇,,
1,4350,暂,,
2,4348,工具,,
2,4345,天猫,,
2,4336,创造,,
2,4332,节奏,,
2,4330,哪家,,
2,4326,输血,,
2,4325,大奖,,
2,4320,平衡,,
1,4317,火,,
2,4316,罕见,,
2,4314,操盘,,
2,4313,指导,,
2,4312,用地,,
4,4310,新闻资讯,,
2,4304,遇冷,,
2,4304,智通,,
2,4302,相对,,
1,4301,节,,
3,4298,航运业,,
3,4297,异动股,,
3,4291,特朗普,,
2,4289,期指,,
2,4286,共建,,
3,4286,生态圈,,
2,4284,何时,,
2,4284,再添,,
2,4281,上网,,
2,4281,不同,,
2,4280,寿险,,
2,4280,造车,,
1,4277,抓,,
2,4276,股成,,
2,4276,金亚,,
3,4275,大学生,,
2,4273,理性,,
1,4273,恒,,
4,4273,电子刊物,,
2,4267,隐患,,
2,4267,华锐,,
2,4262,坚定,,
2,4261,首现,,
2,4260,传播,,
1,4259,钒,,
2,4256,梦想,,
2,4253,局面,,
2,4251,认为,,
2,4251,普惠,,
2,4249,用友,,
2,4241,延长,,
2,4241,隧道,,
2,4238,任务,,
2,4238,暴利,,
2,4235,入围,,
2,4234,首创,,
3,4233,计算机,,
2,4232,一步,,
2,4230,南通,,
3,4230,中长期,,
1,4224,查,,
2,4223,国旅,,
2,4219,玉米,,
2,4217,打击,,
4,4217,生物医药,,
1,4216,半,,
1,4215,狂,,
2,4215,成就,,
3,4214,支付宝,,
2,4211,联动,,
2,4211,那些,,
2,4211,晚间,,
1,4210,圈,,
1,4206,顶,,
2,4204,游客,,
4,4203,新兴产业,,
2,4201,清理,,
2,4200,网点,,
4,4197,高峰论坛,,
2,4196,举措,,
1,4194,您,,
2,4191,蓄势,,
2,4184,多久,,
2,4184,探秘,,
2,4182,影业,,
2,4181,博士,,
1,4179,镍,,
2,4169,疲软,,
2,4165,城投,,
2,4164,美丽,,
2,4163,财政,,
2,4163,宏源,,
2,4162,翻身,,
2,4157,出让,,
1,4156,别,,
2,4149,拒绝,,
1,4148,改,,
2,4148,华策,,
4,4145,人民日报,,
2,4143,南宁,,
1,4142,反,,
2,4139,万家,,
2,4138,诈骗,,
2,4137,积分,,
2,4135,首席,,
2,4131,华联,,
2,4131,收跌,,
2,4130,检查,,
2,4129,一号,,
2,4126,终于,,
2,4125,精品,,
2,4124,分钟,,
2,4121,纪要,,
2,4118,保荐,,
2,4116,时刻,,
2,4116,猛料,,
3,4115,近三成,,
2,4113,接棒,,
2,4111,先行,,
2,4107,浮盈,,
2,4106,浮出,,
2,4105,印发,,
2,4102,一批,,
2,4102,泛海,,
1,4101,任,,
3,4101,快车道,,
2,4101,强者,,
1,4100,鹏,,
2,4098,天龙,,
2,4097,名酒,,
2,4091,股可,,
2,4090,培育,,
2,4089,转变,,
3,4088,世界杯,,
1,4077,疯,,
2,4073,预约,,
2,4070,景区,,
2,4063,反对,,
4,4062,智能家居,,
2,4061,三四,,
2,4053,揭示,,
2,4049,四个,,
2,4042,江湖,,
4,4041,汽车产业,,
2,4039,卷入,,
2,4039,财险,,
2,4038,魔咒,,
2,4034,革命,,
2,4031,监测,,
2,4029,套利,,
2,4024,单日,,
1,4022,壳,,
2,4022,钢材,,
2,4019,本月,,
2,4019,欺诈,,
2,4017,上周,,
2,4015,有效,,
1,4014,部,,
2,4006,四维,,
2,4006,投顾,,
2,4005,专场,,
2,4003,窄幅,,
2,3998,东软,,
2,3997,国安,,
2,3996,专题,,
1,3996,渐,,
2,3995,泰达,,
2,3994,不可,,
2,3994,大国,,
1,3993,啦,,
2,3990,蚂蚁,,
1,3989,端,,
2,3983,被疑,,
2,3982,蔓延,,
2,3981,纪录,,
2,3979,合规,,
2,3978,受贿,,
2,3971,加盟,,
2,3970,首开,,
2,3969,空头,,
2,3967,护航,,
4,3967,借壳上市,,
3,3966,时间表,,
2,3964,看看,,
2,3963,办理,,
2,3962,并非,,
3,3962,禽流感,,
3,3958,地产商,,
2,3957,武商,,
3,3955,高新区,,
2,3954,作为,,
1,3952,制,,
2,3952,荣盛,,
4,3944,房地产业,,
2,3942,校园,,
2,3938,停止,,
2,3938,生存,,
1,3938,钴,,
2,3936,淘金,,
2,3936,弹性,,
2,3933,牧业,,
4,3931,中小企业,,
2,3930,重估,,
2,3929,超越,,
2,3929,狂欢,,
3,3928,国产化,,
2,3927,贵阳,,
3,3926,金融业,,
1,3925,居,,
2,3925,宏观,,
1,3923,疑,,
2,3923,主导,,
2,3919,减仓,,
2,3917,实践,,
2,3916,晨会,,
2,3914,宽带,,
2,3912,线上,,
2,3906,总理,,
4,3905,一触即发,,
2,3898,陷阱,,
2,3898,欣泰,,
2,3891,变局,,
4,3891,家电行业,,
1,3890,加,,
2,3887,排行,,
2,3882,强调,,
2,3881,青年,,
3,3881,阳光城,,
2,3879,关闭,,
2,3878,迎接,,
2,3878,面积,,
3,3878,古钱币,,
4,3877,改革开放,,
4,3874,机械行业,,
2,3874,落空,,
2,3873,人气,,
2,3872,购房,,
2,3872,火热,,
2,3871,孩子,,
3,3871,保险业,,
1,3870,杀,,
2,3870,知识,,
2,3870,投向,,
4,3869,购物中心,,
2,3869,托管,,
2,3868,康得,,
2,3867,一月,,
2,3867,大巴,,
2,3867,临停,,
2,3865,知名,,
2,3865,均价,,
2,3862,回报,,
2,3861,天天,,
2,3861,建工,,
2,3861,兑付,,
7,3859,郑州商品交易所,,
2,3854,幕后,,
2,3853,地价,,
2,3852,试验,,
2,3851,庞大,,
3,3851,反垄断,,
2,3849,大胆,,
2,3849,筹建,,
2,3848,激烈,,
2,3848,当前,,
1,3848,减,,
2,3847,柴油,,
1,3847,谱,,
2,3845,首度,,
3,3844,俱乐部,,
3,3842,阶段性,,
2,3842,意在,,
2,3842,永磁,,
2,3841,反攻,,
2,3838,撬动,,
3,3836,新电改,,
1,3835,套,,
2,3835,特征,,
2,3835,难改,,
4,3834,工商银行,,
3,3833,黄金周,,
3,3828,元器件,,
2,3827,降至,,
2,3820,银川,,
2,3817,专栏,,
2,3816,初现,,
2,3814,他们,,
2,3814,许家,,
2,3812,亟待,,
2,3812,昆仑,,
3,3811,迪士尼,,
2,3810,委员,,
3,3809,市盈率,,
2,3808,遇阻,,
2,3804,改制,,
2,3803,特别,,
2,3800,多方,,
2,3798,昌九,,
2,3798,或现,,
4,3797,大盘走势,,
2,3790,人民,,
2,3790,三股,,
2,3789,出任,,
3,3789,集中度,,
2,3788,太保,,
2,3785,丽江,,
3,3783,可能性,,
1,3782,利,,
2,3781,这里,,
2,3779,中介,,
2,3777,收获,,
2,3775,深入,,
3,3775,中药材,,
2,3774,疑似,,
2,3772,印刷,,
2,3772,细节,,
2,3772,接手,,
2,3772,三联,,
2,3771,节前,,
1,3765,山,,
2,3765,大考,,
2,3763,水源,,
1,3762,须,,
1,3761,管,,
1,3761,主,,
1,3758,风,,
2,3758,买家,,
3,3758,催化剂,,
4,3756,中金公司,,
4,3756,最新动向,,
2,3755,奥运,,
1,3754,拼,,
2,3752,农机,,
2,3751,获益,,
2,3749,水面,,
2,3749,民间,,
2,3748,撤离,,
1,3747,秒,,
2,3738,投诉,,
2,3738,浦东,,
2,3737,提醒,,
2,3736,我市,,
2,3734,公交,,
2,3733,骤降,,
2,3732,或是,,
1,3731,税,,
1,3730,印,,
1,3729,袭,,
4,3721,市场份额,,
2,3720,收缩,,
2,3718,顶级,,
1,3717,办,,
2,3713,过度,,
2,3713,便宜,,
2,3712,反腐,,
2,3712,足球,,
2,3710,主因,,
1,3709,请,,
2,3708,宝马,,
1,3705,篇,,
2,3705,时隔,,
2,3705,两桶,,
2,3704,买点,,
2,3702,热议,,
2,3699,来源,,
2,3699,收窄,,
2,3698,同时,,
2,3698,道路,,
1,3697,厂,,
3,3697,关键词,,
2,3697,红线,,
2,3696,接任,,
2,3695,地王,,
2,3694,依赖,,
2,3693,三日,,
1,3692,脸,,
1,3689,锗,,
2,3688,转移,,
2,3685,国药,,
1,3684,险,,
2,3684,中止,,
2,3681,年会,,
2,3679,对话,,
2,3679,春季,,
2,3678,杀入,,
1,3677,差,,
2,3672,受伤,,
3,3669,新机遇,,
2,3669,思路,,
2,3668,态度,,
2,3665,首例,,
2,3665,渐近,,
4,3660,华大基因,,
2,3658,否决,,
2,3657,放松,,
1,3656,搞,,
2,3655,解密,,
2,3655,承销,,
2,3650,满仓,,
2,3649,净值,,
2,3645,沪市,,
3,3643,怎么办,,
2,3643,滴滴,,
1,3640,斥,,
2,3639,妖股,,
1,3638,邦,,
1,3638,苗,,
4,3634,电子商务,,
2,3634,皇台,,
3,3632,下周一,,
2,3631,高校,,
1,3631,届,,
1,3631,折,,
2,3626,落马,,
2,3623,报喜,,
2,3623,瑞银,,
2,3623,隆基,,
2,3622,网宿,,
2,3620,廊坊,,
4,3620,交通银行,,
2,3618,拥抱,,
2,3617,还要,,
2,3617,收储,,
4,3614,浦发银行,,
2,3613,难以,,
2,3613,商城,,
2,3612,落后,,
2,3609,彩票,,
2,3604,乡村,,
2,3602,仪式,,
2,3602,光标,,
2,3600,四家,,
2,3597,场景,,
2,3593,盘整,,
2,3591,入场,,
2,3591,推手,,
2,3590,减排,,
4,3589,银河证券,,
2,3586,限价,,
2,3580,优秀,,
2,3580,授信,,
2,3579,做空,,
1,3572,短,,
2,3565,最强,,
2,3564,规定,,
2,3564,先进,,
1,3564,爆,,
2,3563,野蛮,,
2,3561,不佳,,
2,3560,发放,,
1,3560,么,,
2,3558,谷歌,,
2,3556,均线,,
2,3556,告诉,,
2,3556,淘宝,,
2,3554,猛增,,
2,3552,边际,,
2,3551,惊现,,
2,3551,征程,,
2,3550,才能,,
1,3550,售,,
4,3550,电子行业,,
2,3541,过去,,
2,3539,一城,,
2,3537,增值,,
1,3533,呈,,
3,3533,李嘉诚,,
2,3533,高企,,
1,3532,轻,,
4,3530,业内人士,,
2,3529,南昌,,
1,3529,挺,,
2,3525,新版,,
2,3524,消化,,
2,3522,必须,,
2,3522,批次,,
1,3520,贵,,
2,3520,大关,,
2,3520,机床,,
2,3519,蹊跷,,
2,3519,直销,,
1,3518,包,,
2,3518,防范,,
2,3518,效益,,
2,3517,业态,,
3,3515,华侨城,,
2,3514,猪肉,,
2,3514,泄露,,
1,3511,吧,,
1,3511,底,,
3,3511,新华联,,
2,3510,出击,,
3,3509,石家庄,,
2,3508,高点,,
2,3507,明天,,
2,3501,豪宅,,
2,3498,程序,,
1,3496,费,,
2,3496,敲定,,
2,3493,惨淡,,
2,3493,元宝,,
2,3492,小镇,,
3,3491,富士康,,
4,3487,工程项目,,
2,3484,垃圾,,
1,3484,防,,
2,3481,推迟,,
2,3481,两次,,
2,3481,微软,,
2,3478,浮现,,
2,3477,奇瑞,,
3,3476,葡萄酒,,
2,3473,交流,,
2,3471,夯实,,
2,3470,总体,,
2,3470,排放,,
2,3469,不如,,
2,3469,三网,,
2,3468,博元,,
2,3467,商家,,
1,3467,手,,
2,3465,侵权,,
2,3464,圆满,,
2,3463,受挫,,
2,3463,攀钢,,
2,3462,中山,,
2,3462,招股,,
2,3460,精化,,
2,3459,破局,,
2,3459,长航,,
1,3457,唱,,
2,3457,起舞,,
2,3456,攻略,,
2,3455,认可,,
3,3455,全聚德,,
1,3454,帮,,
2,3454,同步,,
2,3452,双轮,,
2,3452,眼科,,
2,3449,海口,,
2,3448,背景,,
4,3448,电力设备,,
2,3446,商机,,
2,3446,入局,,
2,3441,亿吨,,
2,3440,复制,,
2,3440,掌趣,,
2,3439,京沪,,
1,3437,本,,
2,3436,悲观,,
2,3433,电厂,,
2,3433,华远,,
2,3428,提出,,
2,3428,疑云,,
2,3427,竞购,,
1,3426,坐,,
1,3423,翻,,
2,3422,就业,,
3,3422,优先股,,
2,3418,百年,,
2,3418,光绪,,
2,3417,被判,,
4,3416,大唐电信,,
2,3415,万金,,
2,3414,农牧,,
2,3413,高效,,
2,3411,消失,,
3,3411,服务商,,
2,3405,搁浅,,
2,3404,个别,,
2,3404,存量,,
3,3403,价齐升,,
1,3402,易,,
2,3401,达标,,
2,3400,理由,,
2,3400,看涨,,
2,3398,证实,,
3,3398,股大涨,,
3,3397,新一代,,
2,3396,车辆,,
3,3396,财政部,,
2,3396,激进,,
2,3396,港通,,
2,3394,强制,,
2,3390,潜在,,
2,3389,股早,,
3,3387,太平洋,,
2,3386,民族,,
2,3386,监控,,
3,3384,确定性,,
1,3383,额,,
2,3381,恒强,,
4,3381,在线教育,,
2,3380,彩电,,
3,3377,越来越,,
2,3377,维度,,
3,3376,时刻表,,
4,3373,利益输送,,
2,3372,人均,,
2,3372,留意,,
3,3370,国家级,,
2,3370,创意,,
2,3370,赋能,,
2,3368,波及,,
2,3365,清算,,
2,3364,启幕,,
1,3363,竟,,
2,3363,大陆,,
2,3363,相继,,
2,3362,洼地,,
2,3361,退休,,
2,3361,有意,,
2,3360,流程,,
2,3356,郁亮,,
2,3355,接力,,
2,3349,所有,,
1,3349,游,,
2,3349,违纪,,
2,3349,反复,,
2,3348,到位,,
2,3348,激发,,
2,3347,权重,,
2,3345,势头,,
2,3344,分类,,
2,3344,短板,,
2,3340,确保,,
2,3338,新宠,,
2,3338,乏力,,
1,3337,搭,,
2,3336,税收,,
1,3335,口,,
2,3332,幅度,,
2,3332,多元,,
3,3332,金九银,,
1,3329,论,,
2,3329,转机,,
2,3327,统一,,
2,3327,传奇,,
2,3325,机票,,
1,3325,完,,
2,3322,失联,,
2,3320,尿素,,
2,3320,斩获,,
1,3319,按,,
2,3319,重构,,
2,3318,已成,,
2,3318,汽油,,
2,3317,西北,,
2,3316,九鼎,,
2,3314,上门,,
1,3312,躺,,
2,3308,受累,,
2,3306,培训,,
2,3306,规则,,
2,3305,困难,,
2,3304,诊断,,
2,3303,私人,,
2,3302,想象,,
2,3301,国泰,,
2,3300,炼油,,
2,3300,被套,,
2,3299,已超,,
2,3298,锦江,,
3,3297,服务业,,
1,3296,李,,
2,3293,互金,,
2,3291,起来,,
3,3289,加拿大,,
3,3288,大手笔,,
2,3288,身家,,
1,3286,宗,,
2,3286,榜首,,
3,3284,千亿元,,
2,3284,流量,,
2,3282,市长,,
2,3282,职工,,
3,3282,金融街,,
2,3281,登场,,
2,3279,绩优,,
2,3279,华天,,
1,3277,体,,
2,3275,合约,,
2,3275,求生,,
4,3273,东方航空,,
2,3272,军民,,
1,3270,懂,,
2,3268,不用,,
2,3267,现实,,
2,3267,收复,,
2,3267,筹资,,
2,3266,重申,,
2,3266,高度,,
1,3266,客,,
2,3266,争相,,
2,3262,绝对,,
2,3260,头条,,
2,3258,职业,,
2,3256,万人,,
2,3256,两融,,
2,3253,对象,,
2,3249,二级,,
2,3249,汇金,,
1,3248,党,,
2,3248,林业,,
2,3243,确立,,
3,3242,嘉凯城,,
2,3238,过冬,,
2,3238,压缩,,
2,3237,同意,,
2,3237,点名,,
2,3237,仓位,,
2,3234,押金,,
2,3233,一倍,,
1,3232,阿,,
2,3230,有待,,
2,3230,转战,,
1,3229,骗,,
2,3229,双方,,
2,3229,主体,,
2,3227,关停,,
2,3225,奖励,,
1,3223,九,,
2,3223,招保,,
2,3219,外贸,,
2,3219,不及,,
2,3216,乌龙,,
1,3212,频,,
2,3212,颓势,,
4,3212,武钢股份,,
2,3211,开出,,
3,3208,哈尔滨,,
4,3208,光大银行,,
2,3206,大力,,
2,3205,大学,,
2,3205,下乡,,
2,3203,时期,,
1,3202,倒,,
3,3202,负责人,,
4,3201,欢迎光临,,
2,3199,国外,,
2,3199,储能,,
3,3198,窗口期,,
4,3197,何去何从,,
2,3197,止跌,,
3,3196,电解铝,,
2,3195,前十,,
1,3195,仓,,
2,3194,首付,,
4,3192,保险公司,,
2,3191,百家,,
2,3190,关税,,
1,3189,科,,
3,3186,加油站,,
2,3184,大庆,,
4,3183,电广传媒,,
2,3182,每年,,
3,3179,成长性,,
2,3178,旅客,,
1,3177,终,,
2,3176,股将,,
2,3173,更新,,
2,3172,桂林,,
3,3171,重仓股,,
2,3169,应该,,
2,3168,仍然,,
2,3168,结算,,
2,3168,牛散,,
2,3165,借势,,
2,3162,恐慌,,
2,3162,烟囱,,
2,3160,破冰,,
2,3160,升势,,
2,3160,自查,,
2,3157,热门,,
2,3153,跨越,,
2,3152,学生,,
1,3152,碧,,
2,3152,福利,,
2,3150,初显,,
4,3149,轨道交通,,
2,3149,金控,,
2,3146,招聘,,
2,3145,连发,,
2,3139,入口,,
2,3137,司机,,
2,3134,脱贫,,
3,3134,过山车,,
3,3133,委员会,,
2,3133,重重,,
3,3132,养老金,,
2,3131,突击,,
2,3128,并举,,
4,3128,建材行业,,
2,3126,跟风,,
2,3125,文明,,
2,3124,利息,,
2,3123,避免,,
2,3122,两项,,
2,3122,附属,,
3,3121,天津港,,
3,3120,王府井,,
2,3120,双雄,,
2,3117,已达,,
2,3115,难言,,
2,3115,热度,,
2,3111,两地,,
2,3111,强力,,
2,3107,只有,,
2,3107,再迎,,
1,3104,话,,
2,3104,迈向,,
2,3102,押注,,
2,3100,未获,,
2,3098,闯关,,
3,3097,合伙人,,
2,3094,下午,,
2,3094,高于,,
1,3092,奥,,
3,3089,财经网,,
3,3087,变压器,,
2,3086,整顿,,
2,3083,行长,,
1,3083,实,,
2,3083,下线,,
2,3078,铺路,,
1,3076,逼,,
2,3076,常州,,
2,3075,万通,,
2,3070,声音,,
2,3069,老大,,
2,3069,分期,,
2,3068,谨防,,
2,3068,最牛,,
2,3067,发射,,
1,3065,霾,,
2,3065,多股,,
1,3060,像,,
3,3060,第三季,,
2,3059,爱尔,,
2,3057,钢琴,,
3,3056,投资人,,
4,3056,房地产股,,
2,3055,撤回,,
2,3054,底价,,
2,3053,涨跌,,
2,3052,火箭,,
2,3050,出租,,
2,3050,记录,,
2,3050,松动,,
1,3048,碳,,
1,3047,服,,
2,3047,快评,,
1,3045,块,,
2,3045,远超,,
2,3040,代理,,
4,3039,证券日报,,
1,3036,干,,
2,3035,交割,,
2,3034,透视,,
1,3034,如,,
2,3032,百大,,
2,3032,发车,,
2,3030,数码,,
2,3028,光环,,
2,3028,同洲,,
2,3025,一大,,
2,3021,铜价,,
3,3020,数字化,,
2,3018,内外,,
2,3017,滨江,,
3,3017,亿大单,,
2,3014,状态,,
1,3009,权,,
2,3008,消防,,
3,3005,实验室,,
3,3005,利润率,,
2,3004,微增,,
2,3003,雏鹰,,
2,3002,两月,,
3,3002,发审委,,
3,3001,反倾销,,
3,3001,洗衣机,,
1,3000,补,,
2,2997,重视,,
2,2997,审议,,
2,2996,研制,,
2,2995,成新,,
2,2995,雷军,,
2,2994,无限,,
2,2994,分级,,
2,2994,航企,,
2,2993,工资,,
2,2992,中秋,,
2,2991,跌势,,
2,2990,叶檀,,
2,2988,总统,,
2,2988,滑坡,,
2,2988,路线,,
2,2988,钢厂,,
2,2987,初步,,
2,2987,投票,,
2,2986,女子,,
2,2982,南洋,,
1,2981,尚,,
2,2980,一日,,
2,2979,频发,,
2,2979,三月,,
3,2978,第二届,,
2,2977,能量,,
2,2977,戴帽,,
2,2976,主任,,
2,2976,维修,,
2,2974,千里,,
2,2974,电建,,
2,2972,真实,,
2,2972,机器,,
2,2971,享受,,
2,2968,拥有,,
2,2968,身价,,
2,2968,倒挂,,
2,2967,欧美,,
2,2967,因子,,
2,2965,折戟,,
1,2963,寻,,
1,2961,享,,
2,2960,搭建,,
2,2960,再下,,
2,2959,行贿,,
2,2958,难解,,
2,2957,推高,,
2,2956,违反,,
1,2956,件,,
2,2955,低谷,,
1,2954,久,,
2,2952,股领,,
2,2951,现状,,
2,2950,会见,,
2,2950,起飞,,
2,2950,思维,,
2,2948,被迫,,
1,2948,鄂,,
2,2948,恒信,,
2,2947,终极,,
1,2946,列,,
2,2946,七大,,
2,2946,吹响,,
2,2945,报名,,
2,2945,隐瞒,,
2,2943,干部,,
3,2943,美尔雅,,
2,2943,格林,,
2,2942,惊人,,
2,2942,攻坚,,
2,2940,优先,,
2,2940,租房,,
2,2940,颠覆,,
3,2940,港交所,,
2,2939,三七,,
4,2938,智能手机,,
2,2937,介绍,,
4,2937,不确定性,,
2,2936,三天,,
1,2936,联,,
2,2936,长租,,
2,2935,隆平,,
2,2934,印尼,,
2,2934,超额,,
4,2933,金融市场,,
2,2932,离场,,
2,2932,偿债,,
2,2932,全通,,
2,2930,螳螂,,
2,2929,十月,,
2,2929,自营,,
2,2928,卧龙,,
3,2928,环保部,,
2,2927,两天,,
2,2927,银联,,
4,2926,民营企业,,
2,2926,上证,,
2,2926,上位,,
2,2923,最严,,
3,2922,研讨会,,
2,2919,展示,,
2,2917,权威,,
2,2917,谋划,,
4,2915,文化产业,,
2,2913,首条,,
2,2912,湖中,,
2,2909,涉案,,
2,2909,共识,,
2,2905,身份,,
2,2903,两类,,
2,2901,设施,,
2,2899,中投,,
2,2898,任性,,
3,2898,宝能系,,
3,2897,下半场,,
2,2896,授权,,
2,2895,会否,,
2,2894,华中,,
2,2894,进场,,
2,2893,缺乏,,
2,2893,创近,,
2,2891,打通,,
2,2889,已现,,
2,2887,农民,,
2,2884,一样,,
2,2882,虚拟,,
2,2880,结合,,
2,2876,基层,,
3,2875,座谈会,,
2,2875,比较,,
2,2875,园区,,
2,2874,瘦身,,
2,2874,出局,,
1,2873,源,,
1,2870,币,,
2,2870,玩转,,
3,2869,题材股,,
2,2868,点燃,,
2,2867,凶猛,,
2,2867,晚报,,
3,2864,二手房,,
4,2863,中铁二局,,
2,2862,对手,,
3,2862,净资产,,
2,2861,新房,,
2,2860,冰箱,,
2,2860,异地,,
2,2856,保本,,
2,2855,早餐,,
2,2855,围猎,,
2,2853,变身,,
1,2852,清,,
2,2852,太极,,
2,2850,无线,,
2,2849,大成,,
1,2847,负,,
2,2846,老人,,
2,2845,揭开,,
1,2844,八,,
2,2843,宜华,,
2,2841,春运,,
3,2841,维生素,,
2,2840,坚决,,
2,2840,担心,,
2,2839,百元,,
1,2839,皮,,
2,2839,钱江,,
2,2838,喜欢,,
3,2838,说明会,,
4,2837,改革方案,,
2,2835,无奈,,
2,2835,折射,,
2,2834,那么,,
3,2832,实质性,,
2,2831,附近,,
2,2830,西宁,,
2,2829,落定,,
2,2828,方法,,
1,2825,坑,,
2,2824,世茂,,
2,2823,高档,,
2,2822,作用,,
1,2821,皖,,
1,2820,字,,
2,2818,推升,,
2,2815,更加,,
2,2815,热销,,
2,2815,如今,,
2,2814,重创,,
4,2814,中国移动,,
2,2813,近日,,
2,2812,友谊,,
2,2812,绿城,,
3,2811,大面积,,
2,2811,无关,,
1,2810,问,,
2,2810,上报,,
2,2809,易购,,
2,2807,有利,,
2,2806,安排,,
1,2806,初,,
2,2806,建新,,
2,2806,获注,,
2,2805,查处,,
4,2803,虚拟现实,,
2,2801,受限,,
2,2798,欠款,,
2,2795,事业,,
2,2794,为了,,
2,2794,高压,,
2,2794,远东,,
2,2790,暂缓,,
3,2789,不锈钢,,
2,2787,卡车,,
4,2785,证券时报,,
2,2784,尾声,,
2,2782,圈钱,,
2,2781,日子,,
2,2781,之下,,
2,2779,实行,,
2,2779,卖地,,
2,2777,饲料,,
2,2776,三友,,
2,2775,强国,,
2,2774,万向,,
2,2771,天城,,
2,2769,蒙牛,,
2,2767,蓝图,,
2,2767,卖房,,
2,2764,挺进,,
4,2764,合作伙伴,,
2,2764,蛇口,,
2,2763,成熟,,
4,2763,神州数码,,
2,2763,白电,,
3,2762,联合体,,
2,2761,天目,,
4,2759,大秦铁路,,
2,2759,泰岳,,
2,2757,人生,,
4,2757,上海银行,,
2,2756,场外,,
2,2756,上港,,
4,2755,基础设施,,
2,2755,动向,,
4,2755,商业模式,,
2,2753,平米,,
2,2751,钼业,,
2,2750,集合,,
2,2749,金条,,
2,2748,扫描,,
2,2746,沙特,,
2,2746,差钱,,
2,2745,华发,,
4,2743,货运公司,,
2,2742,电脑,,
2,2741,总结,,
2,2740,差距,,
2,2740,经纪,,
2,2740,交运,,
3,2739,制造商,,
2,2738,转身,,
2,2738,垫底,,
2,2736,半月,,
2,2736,科创,,
3,2736,螺纹钢,,
1,2735,韩,,
2,2734,征集,,
2,2733,竟然,,
2,2733,思考,,
2,2733,温和,,
2,2731,前期,,
2,2728,履行,,
1,2728,枪,,
2,2727,抢先,,
2,2726,长假,,
2,2726,实质,,
2,2724,运作,,
1,2724,证,,
2,2724,存管,,
2,2723,十八,,
2,2722,金陵,,
2,2721,天气,,
2,2721,自有,,
2,2720,三桶,,
2,2719,千元,,
2,2717,首航,,
2,2715,民航,,
4,2714,污水处理,,
2,2714,网游,,
2,2713,泰国,,
2,2713,书记,,
4,2711,澳大利亚,,
2,2711,多名,,
3,2709,百亿元,,
2,2707,经历,,
2,2705,五一,,
2,2705,放大,,
2,2705,国标,,
2,2704,得到,,
4,2704,结构调整,,
3,2704,第二批,,
3,2704,新格局,,
2,2703,开建,,
1,2701,写,,
2,2701,萎缩,,
2,2700,集结,,
1,2699,猪,,
1,2698,聚,,
2,2698,顺丰,,
1,2697,氟,,
4,2696,两极分化,,
2,2692,钾肥,,
3,2691,新加坡,,
1,2690,若,,
3,2688,商品房,,
2,2688,沦为,,
2,2688,股遭,,
2,2687,存单,,
4,2686,交易中心,,
3,2686,房产税,,
2,2682,明胶,,
2,2681,坏账,,
2,2680,置入,,
3,2679,差异化,,
2,2679,风控,,
1,2678,数,,
2,2677,后期,,
2,2677,跌超,,
1,2675,喝,,
1,2675,续,,
3,2673,广东省,,
2,2673,探讨,,
2,2672,成员,,
2,2672,中源,,
2,2670,五个,,
2,2670,千山,,
3,2669,朋友圈,,
2,2668,工匠,,
2,2667,医生,,
1,2667,批,,
2,2667,汇通,,
2,2666,努力,,
2,2666,一流,,
2,2666,首秀,,
2,2665,巨量,,
2,2661,喜迎,,
2,2661,兑换,,
1,2661,陕,,
3,2661,重灾区,,
2,2660,英雄,,
2,2660,日评,,
2,2660,看多,,
2,2658,升机,,
2,2655,有点,,
2,2654,多次,,
2,2654,和解,,
1,2654,弱,,
2,2652,保证,,
1,2652,堂,,
1,2651,面,,
2,2651,充分,,
2,2651,夺冠,,
2,2650,公用,,
2,2648,华通,,
2,2647,辞任,,
2,2647,国网,,
2,2646,成绩,,
2,2646,午间,,
4,2646,生产厂家,,
2,2643,排除,,
4,2643,体制改革,,
2,2643,滨海,,
1,2642,赔,,
2,2642,第四,,
2,2642,纯利,,
1,2640,选,,
2,2639,疲弱,,
2,2638,抽检,,
2,2638,扫货,,
2,2637,伦敦,,
2,2636,网购,,
2,2635,阵痛,,
2,2634,配方,,
2,2632,经验,,
2,2631,警告,,
2,2630,理念,,
2,2629,以下,,
2,2625,验收,,
2,2623,繁荣,,
2,2622,多年,,
2,2622,商务,,
2,2622,换血,,
4,2622,国产软件,,
3,2622,多晶硅,,
2,2621,联袂,,
2,2620,危险,,
2,2620,乳企,,
2,2617,法律,,
2,2617,罚没,,
3,2616,北京市,,
2,2616,暖风,,
5,2616,资产负债率,,
2,2615,摆脱,,
1,2615,置,,
3,2614,航空业,,
2,2614,主板,,
3,2614,双旗币,,
2,2613,高潮,,
3,2613,自动化,,
2,2611,访问,,
2,2611,凯迪,,
2,2611,天虹,,
2,2610,丰田,,
3,2609,集装箱,,
2,2609,红岭,,
3,2608,总书记,,
2,2608,不止,,
3,2607,达沃斯,,
2,2606,结盟,,
2,2605,缓慢,,
2,2605,商贸,,
3,2605,使用权,,
2,2605,对冲,,
2,2604,全省,,
2,2603,开局,,
2,2601,如期,,
2,2601,迈入,,
2,2601,买单,,
2,2597,爱心,,
2,2597,佣金,,
2,2596,重现,,
2,2596,截止,,
2,2596,来电,,
2,2594,连跌,,
2,2594,宋城,,
2,2593,三度,,
2,2593,变盘,,
2,2593,维稳,,
2,2592,大户,,
2,2591,烟酒,,
2,2590,最受,,
1,2589,光,,
2,2589,看待,,
3,2589,签合同,,
2,2589,极具,,
4,2589,短线交易,,
1,2588,波,,
2,2588,获刑,,
2,2587,中文,,
2,2586,集群,,
2,2585,机组,,
2,2584,巩固,,
2,2584,城建,,
2,2583,效率,,
2,2582,纪实,,
2,2581,柳工,,
4,2581,不良资产,,
4,2579,人大代表,,
2,2578,争抢,,
1,2577,百,,
2,2577,揭牌,,
2,2577,准入,,
2,2575,暴露,,
2,2575,典型,,
2,2574,日产,,
2,2574,装饰,,
4,2573,冬虫夏草,,
1,2572,使,,
2,2572,另类,,
4,2572,专利证书,,
2,2571,彻底,,
2,2569,一类,,
2,2567,严查,,
2,2565,运动,,
2,2565,发挥,,
2,2565,大事,,
4,2565,异军突起,,
2,2565,定局,,
2,2564,桥梁,,
4,2563,外汇牌价,,
3,2562,分布式,,
1,2560,离,,
2,2560,惊喜,,
2,2559,烧钱,,
2,2558,阵营,,
1,2558,营,,
3,2558,长三角,,
2,2556,大桥,,
2,2555,难掩,,
2,2554,年终,,
2,2553,日线,,
2,2553,起底,,
2,2552,前夜,,
2,2551,地图,,
4,2551,技术创新,,
2,2550,必读,,
2,2549,分配,,
1,2548,揭,,
2,2548,变相,,
3,2548,股逆市,,
2,2547,命运,,
2,2547,泉州,,
2,2546,预售,,
3,2546,科技股,,
2,2546,语音,,
2,2543,开花,,
3,2542,全球化,,
1,2542,跨,,
2,2542,瓷器,,
2,2541,容易,,
4,2541,证券市场,,
3,2541,马化腾,,
4,2539,中国电信,,
2,2539,担任,,
2,2539,造船,,
2,2538,直击,,
2,2536,偿还,,
1,2535,心,,
1,2535,属,,
2,2535,美好,,
2,2534,退税,,
2,2534,图新,,
2,2532,平板,,
2,2532,旺盛,,
2,2532,电企,,
2,2531,有何,,
2,2531,嘉捷,,
2,2530,连降,,
2,2527,礼品,,
2,2526,近东,,
2,2525,大同,,
2,2525,充足,,
2,2525,花旗,,
2,2524,地下,,
2,2523,齐鲁,,
1,2522,鳄,,
1,2521,足,,
2,2521,规避,,
2,2517,任何,,
2,2517,全额,,
2,2516,之谜,,
2,2516,拯救,,
2,2516,首推,,
2,2516,破净,,
2,2514,广宇,,
2,2513,讨论,,
2,2507,这次,,
1,2506,评,,
2,2506,污水,,
2,2506,意愿,,
3,2505,粤港澳,,
2,2505,近半,,
2,2505,做市,,
2,2504,华安,,
2,2504,选股,,
2,2504,盘初,,
2,2500,三环,,
2,2500,获大,,
2,2500,木业,,
2,2499,风光,,
2,2498,房子,,
2,2498,八一,,
2,2497,面对,,
2,2497,尽快,,
1,2497,旧,,
2,2497,迷雾,,
2,2496,难度,,
2,2496,金证,,
2,2495,一级,,
2,2495,躁动,,
1,2494,座,,
1,2494,掷,,
2,2494,金瑞,,
2,2492,再造,,
2,2491,迈出,,
2,2490,部长,,
2,2490,抛弃,,
2,2490,东湖,,
2,2490,微博,,
2,2487,扩建,,
2,2485,完全,,
2,2485,万台,,
1,2484,凭,,
2,2484,超车,,
2,2484,发声,,
2,2484,黑榜,,
2,2483,一片,,
2,2483,业主,,
2,2482,协和,,
3,2482,综合体,,
2,2482,内生,,
2,2481,两度,,
1,2480,生,,
2,2479,跨国,,
3,2479,巨无霸,,
1,2478,克,,
2,2478,传递,,
2,2476,玩具,,
2,2476,暗示,,
2,2475,行政,,
2,2475,博拉,,
2,2475,低调,,
4,2475,建设银行,,
2,2473,状况,,
2,2473,拟建,,
2,2472,高温,,
2,2470,出发,,
3,2470,混凝土,,
2,2470,金砖,,
2,2469,如此,,
2,2469,小型,,
2,2469,罢免,,
1,2469,严,,
2,2468,筑底,,
2,2467,最终,,
2,2467,激情,,
2,2467,跟踪,,
2,2466,受到,,
2,2466,小心,,
2,2466,循环,,
4,2465,知识产权,,
2,2465,泽熙,,
1,2464,冷,,
2,2464,期限,,
4,2464,资本运作,,
2,2464,步森,,
2,2463,开庭,,
2,2462,孕育,,
2,2461,码头,,
1,2461,宜,,
2,2459,慧球,,
3,2457,组合拳,,
2,2457,天舟,,
3,2456,近九成,,
2,2454,起步,,
2,2453,龙江,,
2,2453,国寿,,
1,2452,食,,
2,2452,港币,,
1,2451,铁,,
1,2449,追,,
2,2449,见底,,
2,2448,夭折,,
3,2448,人人乐,,
2,2447,大家,,
2,2447,渐显,,
2,2447,腾挪,,
2,2446,拟发,,
2,2446,广晟,,
2,2445,丰富,,
2,2445,低点,,
1,2444,产,,
2,2444,着力,,
3,2444,证券报,,
2,2443,拆除,,
2,2442,失踪,,
2,2442,中色,,
2,2440,五家,,
2,2440,九州,,
2,2439,配资,,
2,2438,引导,,
2,2438,趋严,,
2,2438,华闻,,
2,2437,驶入,,
2,2437,万维,,
3,2436,山东省,,
2,2436,老总,,
2,2434,不少,,
2,2434,理赔,,
2,2433,集资,,
1,2433,吴,,
1,2432,雾,,
2,2432,金刚,,
2,2432,齐发,,
2,2430,渐成,,
2,2430,十足,,
2,2429,红酒,,
2,2429,践行,,
3,2429,蓝宝石,,
2,2428,自贸,,
2,2424,油品,,
2,2423,三倍,,
2,2422,变成,,
2,2422,智造,,
2,2421,天音,,
3,2420,匹凸匹,,
2,2419,当代,,
2,2418,科龙,,
3,2417,老字号,,
3,2416,开发区,,
2,2415,生鲜,,
2,2415,高调,,
2,2414,金山,,
2,2411,更换,,
2,2410,全民,,
2,2410,轨道,,
1,2410,兑,,
2,2410,负面,,
2,2409,西山,,
2,2408,东吴,,
3,2408,不良率,,
2,2407,国海,,
3,2406,发展期,,
2,2405,流感,,
2,2404,通告,,
2,2404,三只,,
2,2402,家装,,
2,2402,铁汉,,
4,2400,全景网络,,
2,2399,围绕,,
2,2398,闪电,,
3,2397,创纪录,,
3,2397,吞吐量,,
2,2395,架构,,
2,2394,严控,,
3,2394,德豪润,,
2,2393,万份,,
3,2393,掌门人,,
2,2392,绝地,,
2,2392,慢牛,,
2,2391,演艺,,
2,2389,建厂,,
3,2386,第三届,,
2,2386,三次,,
2,2386,湘潭,,
2,2386,解码,,
1,2385,津,,
2,2385,长线,,
3,2385,亿人币,,
2,2384,东江,,
2,2384,大湾,,
2,2383,伊朗,,
2,2383,两只,,
2,2383,简单,,
4,2383,价格行情,,
2,2383,金利,,
2,2382,火灾,,
1,2382,凯,,
1,2381,安,,
2,2381,小贷,,
3,2379,国内外,,
2,2378,摘牌,,
2,2377,放宽,,
2,2377,告急,,
2,2377,双向,,
4,2375,媒体报道,,
2,2375,爱建,,
2,2375,天量,,
2,2372,发售,,
2,2372,绝密,,
2,2371,追问,,
1,2370,她,,
2,2369,十一,,
2,2369,障碍,,
2,2369,空气,,
2,2368,出路,,
3,2368,所有制,,
1,2367,空,,
2,2367,每吨,,
2,2367,刘强,,
2,2364,讲话,,
2,2364,装修,,
2,2364,云网,,
2,2361,总量,,
2,2361,落子,,
1,2360,紧,,
3,2360,发电机,,
1,2359,秀,,
2,2359,忽悠,,
2,2359,运价,,
2,2358,搅局,,
2,2357,当选,,
1,2357,教,,
2,2357,未果,,
2,2357,批发,,
2,2356,手段,,
2,2356,轮番,,
2,2355,经纬,,
2,2354,增大,,
1,2353,吹,,
1,2352,架,,
2,2351,油服,,
2,2350,冬季,,
4,2350,发展前景,,
2,2350,明珠,,
2,2350,渐行,,
2,2348,非常,,
2,2348,暗战,,
3,2346,便利店,,
2,2345,列车,,
1,2345,西,,
2,2345,并未,,
2,2343,盛运,,
2,2342,关店,,
2,2340,错过,,
2,2339,创建,,
2,2338,图片,,
2,2336,桑德,,
2,2334,意义,,
2,2334,收藏,,
2,2333,狙击,,
4,2333,市场需求,,
2,2332,之路,,
2,2332,字头,,
2,2331,开创,,
2,2331,医改,,
2,2331,泰山,,
1,2331,友,,
2,2331,领军,,
2,2330,普及,,
4,2329,市场行情,,
2,2328,六年,,
2,2328,复兴,,
2,2327,办法,,
2,2325,无忧,,
2,2323,海参,,
2,2322,将建,,
2,2321,漳州,,
2,2320,每天,,
2,2320,晨报,,
2,2320,中签,,
2,2319,有戏,,
2,2319,稳中,,
2,2319,力促,,
2,2317,帝国,,
1,2317,扛,,
2,2316,高涨,,
1,2315,埃,,
2,2313,催化,,
2,2312,不满,,
2,2312,流产,,
2,2311,降薪,,
2,2310,构筑,,
1,2309,镇,,
1,2306,狗,,
3,2305,农业部,,
2,2305,投机,,
2,2305,新海,,
2,2304,何以,,
4,2304,中小银行,,
3,2303,亚马逊,,
3,2303,贵金属,,
2,2302,底线,,
3,2300,中青宝,,
2,2299,组团,,
2,2299,大摩,,
1,2298,澳,,
2,2297,安阳,,
2,2296,剖析,,
2,2296,物贸,,
2,2295,好于,,
2,2295,药机,,
2,2293,唐山,,
2,2292,福星,,
2,2292,利降,,
3,2291,受热捧,,
2,2290,提案,,
2,2290,环能,,
3,2290,资源税,,
2,2289,境内,,
2,2289,重拳,,
3,2289,药监局,,
3,2287,挖掘机,,
2,2286,齐聚,,
2,2286,重拾,,
2,2285,药店,,
2,2285,索道,,
2,2285,网红,,
1,2284,屡,,
2,2284,基调,,
2,2284,获评,,
2,2283,物产,,
2,2282,众信,,
2,2281,徐州,,
2,2281,减税,,
2,2281,应急,,
2,2281,时报,,
2,2281,定调,,
2,2280,不良,,
2,2279,本地,,
2,2279,摩根,,
3,2279,新动力,,
2,2278,明朗,,
1,2277,含,,
2,2277,九大,,
2,2277,安装,,
2,2277,首期,,
2,2276,烟花,,
2,2276,折扣,,
1,2275,求,,
2,2275,更好,,
3,2274,白热化,,
2,2272,防治,,
3,2272,吸引力,,
2,2271,重金,,
2,2271,华数,,
2,2269,延迟,,
2,2268,魅力,,
2,2268,倍增,,
2,2267,启用,,
3,2267,保卫战,,
2,2265,院士,,
2,2265,通车,,
2,2265,更大,,
3,2265,压路机,,
2,2265,江阴,,
1,2263,作,,
3,2262,招商局,,
2,2262,微调,,
3,2262,生产商,,
3,2262,经济带,,
2,2261,芜湖,,
2,2259,不得,,
2,2259,之旅,,
1,2259,子,,
1,2259,鸟,,
3,2259,短期内,,
2,2258,奔驰,,
2,2257,钢管,,
2,2257,熊市,,
2,2255,战场,,
2,2255,神光,,
2,2255,产值,,
2,2255,急速,,
2,2254,赴美,,
2,2254,过程,,
1,2254,钜,,
1,2253,揽,,
2,2251,还款,,
2,2250,流向,,
2,2249,乘客,,
2,2248,刚需,,
2,2247,淄博,,
2,2246,无碍,,
4,2245,云南铜业,,
2,2244,警报,,
2,2244,华平,,
2,2243,共赢,,
2,2242,高级,,
2,2242,漏洞,,
1,2242,扩,,
2,2242,祖传,,
1,2240,档,,
2,2239,火速,,
1,2237,份,,
2,2237,持平,,
3,2236,陆家嘴,,
2,2234,隐形,,
2,2234,客服,,
2,2233,吃紧,,
3,2233,消防车,,
3,2233,新篇章,,
2,2232,线路,,
2,2232,铁矿,,
2,2232,期价,,
2,2232,银泰,,
2,2232,永清,,
2,2231,征收,,
2,2231,字画,,
2,2231,徐翔,,
4,2230,歌华有线,,
2,2229,套路,,
2,2228,燃料,,
2,2228,再生,,
2,2226,月饼,,
3,2226,第一枪,,
2,2225,立足,,
2,2224,货车,,
4,2224,重大项目,,
2,2223,通航,,
2,2223,矛盾,,
2,2222,扬州,,
2,2222,勘探,,
2,2222,跌至,,
2,2221,正大,,
2,2220,慈善,,
2,2220,打压,,
2,2219,超日,,
2,2218,仍处,,
2,2218,明起,,
2,2218,浦发,,
1,2216,啤,,
2,2216,测序,,
2,2216,硬件,,
2,2215,打折,,
2,2214,奋进,,
2,2213,撤退,,
2,2213,上限,,
1,2212,公,,
2,2210,满足,,
2,2209,军团,,
4,2209,产业资本,,
2,2208,尝试,,
3,2207,发电量,,
2,2206,点睛,,
2,2203,了解,,
2,2203,矿山,,
2,2203,开元,,
2,2203,磁材,,
1,2202,猜,,
2,2201,清晰,,
1,2200,装,,
2,2200,惠州,,
1,2198,广,,
2,2198,减亏,,
3,2197,载货车,,
2,2196,中线,,
3,2195,招股书,,
2,2194,提交,,
4,2194,服务平台,,
4,2194,公开市场,,
3,2194,食药监,,
2,2193,三条,,
1,2193,芯,,
3,2193,步步高,,
4,2193,华夏银行,,
2,2192,加紧,,
1,2192,抗,,
2,2192,切换,,
2,2192,好戏,,
3,2190,购房者,,
2,2190,汇丰,,
2,2190,单价,,
2,2189,抚顺,,
2,2189,不够,,
2,2189,带头,,
4,2189,家用电器,,
3,2186,深振业,,
2,2185,主办,,
2,2184,为啥,,
4,2183,钢材价格,,
2,2182,一只,,
2,2182,大房,,
2,2181,厉害,,
2,2180,势力,,
1,2179,资,,
3,2178,千万元,,
2,2178,哈弗,,
2,2177,跌价,,
2,2177,抢食,,
2,2177,微涨,,
2,2175,配合,,
3,2175,北京城,,
2,2175,支出,,
2,2175,恒立,,
2,2173,检修,,
2,2173,抓住,,
1,2173,界,,
2,2173,锐减,,
2,2173,兜底,,
2,2172,借机,,
3,2172,搅拌车,,
2,2170,可控,,
3,2169,保健品,,
3,2169,全方位,,
1,2169,纸,,
2,2168,威胁,,
2,2167,官司,,
3,2167,购置税,,
2,2167,时日,,
1,2167,富,,
2,2167,钢市,,
2,2167,重生,,
2,2166,一种,,
1,2165,关,,
2,2165,追加,,
2,2165,识别,,
3,2165,传感器,,
2,2163,择机,,
2,2162,腐败,,
2,2161,蝉联,,
2,2160,借贷,,
2,2159,纽约,,
2,2159,压顶,,
2,2157,不宜,,
1,2157,且,,
2,2157,抵押,,
2,2157,巡视,,
2,2156,风云,,
4,2156,建设项目,,
2,2156,荣膺,,
2,2156,扬帆,,
1,2155,泛,,
2,2155,一哥,,
2,2154,最多,,
2,2154,保价,,
3,2153,天津市,,
2,2153,各方,,
2,2153,高通,,
2,2153,内房,,
2,2151,粮油,,
1,2151,筹,,
2,2150,人数,,
2,2150,海印,,
2,2148,演讲,,
2,2148,派息,,
2,2147,一股,,
2,2147,玩法,,
1,2147,募,,
4,2147,农林牧渔,,
2,2146,尚无,,
4,2146,财政补贴,,
2,2145,联系,,
2,2145,向下,,
2,2145,普跌,,
2,2144,不明,,
3,2143,现代化,,
2,2143,省级,,
2,2143,迅猛,,
2,2143,启航,,
2,2141,几乎,,
2,2141,假期,,
2,2141,重心,,
2,2140,大厦,,
2,2140,周边,,
2,2140,南纺,,
2,2140,底气,,
2,2137,博瑞,,
3,2135,出租车,,
4,2135,东方明珠,,
2,2134,修改,,
4,2134,食品安全,,
3,2134,嘉士伯,,
1,2133,钨,,
2,2133,此前,,
2,2133,老酒,,
2,2132,体彩,,
2,2132,长生,,
2,2132,全览,,
2,2130,梅花,,
2,2129,哪般,,
1,2129,蓝,,
2,2129,趋紧,,
3,2129,影响力,,
3,2128,进出口,,
3,2128,香饽饽,,
2,2127,稽查,,
1,2125,另,,
2,2125,高鸿,,
2,2124,其中,,
2,2123,发飙,,
2,2123,简报,,
2,2121,五月,,
2,2121,清单,,
2,2121,钢联,,
2,2120,众多,,
2,2120,英镑,,
2,2120,轮动,,
1,2120,莎,,
2,2120,优选,,
1,2119,咖,,
3,2119,爆发式,,
2,2118,共振,,
2,2118,腾邦,,
1,2117,忧,,
2,2117,有序,,
2,2117,最美,,
2,2117,星河,,
2,2117,点赞,,
2,2116,太平,,
2,2116,冀中,,
2,2115,策划,,
2,2114,分别,,
2,2114,通州,,
2,2113,小区,,
2,2113,除了,,
2,2112,当地,,
2,2112,红星,,
2,2111,发出,,
2,2111,海王,,
2,2110,饮料,,
2,2110,序幕,,
2,2110,小盘,,
2,2109,何方,,
2,2107,国贸,,
2,2107,流转,,
3,2107,加多宝,,
2,2105,停车,,
2,2104,何在,,
2,2104,联华,,
2,2102,备受,,
2,2102,给力,,
1,2101,输,,
2,2101,对决,,
2,2101,银江,,
3,2100,意大利,,
2,2100,百姓,,
1,2099,场,,
2,2097,车主,,
2,2097,号线,,
2,2097,最差,,
3,2097,城商行,,
2,2095,全市,,
3,2095,黄光裕,,
3,2094,风向标,,
2,2094,海宁,,
2,2094,看空,,
2,2093,中外,,
2,2093,年轻,,
2,2093,拓宽,,
2,2093,电煤,,
2,2093,棕榈,,
1,2092,汇,,
2,2092,派现,,
2,2092,回吐,,
3,2092,佳兆业,,
1,2091,福,,
2,2090,客机,,
3,2090,北大荒,,
2,2090,洗盘,,
2,2090,冷链,,
2,2089,惨遭,,
2,2089,租金,,
2,2089,担当,,
4,2089,电子信息,,
2,2088,亚泰,,
4,2088,黄金时代,,
2,2087,矿产,,
2,2087,中工,,
2,2086,顾问,,
4,2085,发展趋势,,
2,2083,一项,,
2,2083,搬家,,
2,2083,痛点,,
3,2081,世界级,,
2,2080,或致,,
2,2079,资料,,
2,2079,轮船,,
2,2079,热炒,,
2,2079,单月,,
2,2078,省份,,
2,2078,换股,,
2,2078,晋亿,,
2,2078,富德,,
2,2077,巨人,,
1,2076,昆,,
2,2076,解套,,
2,2076,美亚,,
2,2076,金叶,,
2,2075,豪华,,
2,2075,几个,,
2,2074,突袭,,
2,2074,用电,,
4,2074,美菱电器,,
2,2073,坚挺,,
2,2073,酒钢,,
2,2073,中概,,
2,2071,各大,,
2,2071,炼化,,
2,2069,密码,,
2,2068,适当,,
2,2068,迎新,,
2,2068,重装,,
2,2068,疯涨,,
2,2068,低吸,,
2,2067,恶化,,
5,2067,中国证监会,,
2,2067,刚刚,,
2,2067,九股,,
1,2066,慢,,
2,2065,韶钢,,
2,2063,骗局,,
2,2063,首位,,
2,2063,硅谷,,
2,2063,会员,,
3,2063,史玉柱,,
2,2062,人保,,
2,2062,激辩,,
2,2062,天弘,,
7,2062,大连商品交易所,,
2,2061,人物,,
2,2060,竣工,,
2,2058,工商,,
4,2058,今年以来,,
2,2057,学校,,
2,2057,盲目,,
2,2056,大势,,
4,2054,证券公司,,
1,2054,石,,
4,2054,一汽集团,,
2,2054,胡润,,
2,2053,作出,,
2,2052,整固,,
1,2051,男,,
2,2051,倡议,,
1,2051,浓,,
2,2051,海油,,
2,2050,高考,,
3,2050,福布斯,,
2,2048,放心,,
2,2048,卸任,,
2,2048,福彩,,
2,2048,多位,,
2,2048,售后,,
2,2047,询价,,
2,2046,地址,,
2,2046,视点,,
2,2045,越南,,
1,2045,错,,
3,2045,大牛股,,
1,2044,艘,,
3,2044,手续费,,
2,2043,群众,,
2,2043,弱市,,
2,2043,国君,,
2,2041,秋季,,
3,2041,后遗症,,
1,2040,暖,,
2,2040,应声,,
2,2039,普通,,
2,2039,总价,,
2,2038,野心,,
2,2038,交银,,
2,2036,股神,,
2,2036,回笼,,
2,2036,酷派,,
4,2035,高开低走,,
2,2034,炮轰,,
2,2033,三五,,
2,2032,缺陷,,
2,2031,连升,,
3,2031,自然人,,
2,2031,宅地,,
2,2030,跟进,,
1,2028,段,,
2,2027,中欧,,
2,2027,板材,,
2,2026,三季,,
1,2025,笑,,
1,2025,术,,
1,2025,杯,,
1,2025,侠,,
4,2025,私下交易,,
2,2024,将会,,
4,2024,财务数据,,
1,2022,膜,,
2,2022,意图,,
2,2021,加油,,
2,2019,朗玛,,
2,2018,名城,,
1,2017,户,,
2,2017,世博,,
2,2017,弯道,,
2,2016,专用,,
2,2015,缩减,,
2,2015,仪表,,
2,2014,悬疑,,
2,2012,株洲,,
2,2012,九龙,,
2,2012,赔付,,
2,2011,增多,,
2,2011,家具,,
2,2011,称号,,
2,2011,长青,,
2,2010,版权,,
2,2009,阴影,,
2,2009,各路,,
2,2009,至多,,
2,2009,邮储,,
2,2009,国五,,
2,2007,学院,,
4,2006,党委书记,,
1,2006,斗,,
3,2006,启明星,,
2,2004,放行,,
2,2004,神奇,,
2,2003,岗位,,
2,2003,主打,,
1,2002,放,,
1,2002,环,,
2,2002,开户,,
4,2001,重庆百货,,