len,count,word,sentiment,topic
2.0,611035,股份,2.0,3.0
1.0,584444,的,2.0,
1.0,526207,月,2.0,
1.0,487050,股,2.0,3
2.0,445497,中国,2.0,
1.0,438715,元,2.0,
1.0,432221,年,2.0,
1.0,429813,亿,2.0,3.0
2.0,419911,公司,2.0,4.0
1.0,361757,日,2.0, 
1.0,347303,将,2.0,
2.0,333437,亿元,2.0,1
2.0,295832,涨停,3.0,1.0
1.0,293608,大,2.0,
1.0,289502,拟,2.0, 
2.0,282459,业绩,3.0,1
2.0,280328,板块,2.0, 
1.0,275127,新,3.0,2
2.0,267882,科技,2.0,
2.0,263850,股东,2.0,4.0
1.0,262692,报,2.0,
2.0,257911,市场,2.0,1.0
2.0,241248,投资,2.0,3.0
2.0,238439,净利,3.0,1
1.0,230946,被,1.0,
2.0,229058,行业,2.0,
1.0,228272,或,2.0,
1.0,223294,在,2.0, 
2.0,222226,收盘,,
2.0,218542,换手,,
2.0,218020,上市,3.0,1
2.0,217143,快讯,2.0,
1.0,216481,中,2.0,
2.0,214220,集团,2.0,4
1.0,212683,与,2.0,
2.0,203409,增长,3.0,
2.0,194584,企业,2.0,
2.0,185834,银行,2.0,3.0
2.0,184348,项目,2.0,1
2.0,178370,发展,3.0,4.0
2.0,175565,机构,2.0, 
1.0,172979,涨,3.0,1
2.0,172872,收购,3.0,4
2.0,164922,同比,2.0,1
2.0,163580,股权,2.0,4.0
2.0,159507,券商,2.0,3.0
1.0,157491,万,2.0,3
1.0,152793,等,2.0,
2.0,151162,汽车,2.0,
2.0,150742,基金,2.0,2.0
2.0,149377,控股,2.0,3.0
1.0,148499,了,2.0,
1.0,147134,逾,3.0,1
1.0,145652,是,2.0,
1.0,143410,不,1.0,
1.0,138991,家,2.0, 
2.0,138132,A股,,
1.0,135946,和,2.0,
1.0,135881,获,3.0, 
1.0,134551,跌,1.0,1.0
2.0,131526,万元,2.0,1
2.0,130910,证券,2.0,3
1.0,130279,为,2.0,
1.0,130243,超,3.0,
1.0,129150,增,3.0,1
1.0,127135,成,2.0, 
1.0,126738,有,2.0, 
2.0,125011,重组,3.0,4
2.0,124124,关注,3.0,4
2.0,122876,ST,,
2.0,122805,地产,2.0, 
2.0,122500,上海,2.0,
3.0,121856,上半年,2.0,
2.0,121733,业务,2.0,1
2.0,121402,资产,3.0,1
2.0,117910,资金,2.0,1
2.0,113851,评级,2.0,4.0
2.0,113814,减持,1.0,3
2.0,113353,增持,3.0,1
2.0,113199,融资,2.0,3.0
1.0,110668,只,2.0,
3.0,110232,子公司,2.0,4.0
2.0,108719,价格,2.0,1
2.0,108365,最新,2.0,
1.0,108245,再,3.0,
3.0,107836,概念股,2.0,3
2.0,106601,金融,2.0,3.0
2.0,106180,有望,3.0,4
2.0,104305,产业,3.0,4
2.0,101773,跌停,1.0,1
2.0,101505,布局,3.0,4
2.0,101353,股价,2.0,1
2.0,100494,万股,2.0,3.0
1.0,99344,高,3.0,
2.0,99180,报于,,
1.0,97129,遭,1.0,
2.0,96758,停牌,1.0,3.0
2.0,96574,预期,2.0,4
2.0,96396,持续,2.0,
1.0,95417,近,2.0, 
2.0,94016,房企,,
2.0,93244,提示,2.0,
2.0,92235,上涨,3.0,1
2.0,92188,国际,2.0,
1.0,88250,前,2.0,1.0
2.0,88171,政策,2.0,4
3.0,86542,净利润,3.0,1
2.0,86174,去年,2.0,1
1.0,86146,人,2.0,
2.0,86004,转型,3.0,4.0
1.0,85156,三,2.0,
1.0,84855,沪,2.0, 
2.0,84708,继续,2.0, 
2.0,84491,创新,2.0,2.0
2.0,84273,反弹,2.0, 
1.0,83910,到,2.0, 
2.0,83361,合作,3.0,4
2.0,82941,买入,3.0,3.0
2.0,82716,白酒,2.0,
3.0,82345,新能源,3.0,1
2.0,81615,药业,2.0, 
2.0,81553,北京,2.0,
2.0,81203,产品,2.0,2.0
2.0,81166,受益,3.0,
2.0,80993,医药,2.0, 
2.0,80504,计划,2.0,
3.0,80221,互联网,2.0, 
3.0,79844,房地产,2.0,
1.0,79541,已,2.0,
2.0,79418,看好,3.0,
1.0,78586,个,2.0, 
2.0,78433,万科,,
1.0,78333,达,3.0,
1.0,78151,仍,2.0, 
4.0,77982,上市公司,2.0,
1.0,77840,后,2.0,
1.0,77719,多,3.0,
2.0,76666,战略,3.0,4
1.0,75242,对,2.0, 
2.0,74703,经济,3.0,1
2.0,74576,重大,2.0,4
2.0,73954,能源,2.0, 
2.0,73621,销售,2.0,1.0
2.0,73473,建设,2.0,4.0
3.0,73457,董事长,2.0,4.0
1.0,72328,称,2.0,
3.0,72137,IPO,,
2.0,71591,今日,2.0,
2.0,71224,发行,2.0,
2.0,71019,利好,3.0,4.0
2.0,70553,行情,2.0,3
1.0,70524,及,2.0,
2.0,70021,未来,2.0,4
2.0,69705,盈利,3.0,1
2.0,69497,电子,2.0, 
2.0,69212,亏损,1.0,1
2.0,67991,交易,2.0,3.0
1.0,67359,可,2.0,
2.0,67217,机会,3.0,
1.0,66899,一,2.0,一
2.0,66280,智能,2.0,2.0
2.0,66254,今年,2.0,1
1.0,66220,最,2.0,
2.0,66041,加速,3.0,
2.0,65853,茅台,2.0,
1.0,65531,至,2.0,
2.0,65230,调整,2.0,
2.0,65039,风险,1.0,3
2.0,64645,预计,2.0,
1.0,64611,倍,3.0,
2.0,64044,并购,2.0,4.0
2.0,63891,下滑,1.0,1
1.0,63803,指,2.0,
2.0,63714,数据,2.0,1
2.0,63118,附股,,
2.0,62746,环保,3.0,2.0
2.0,62652,电力,2.0,
2.0,62398,爆发,3.0,
2.0,62334,石油,,
2.0,61849,品牌,2.0,4
2.0,61471,黄金,2.0,1
1.0,61415,向,2.0,
2.0,61406,个股,2.0,3.0
2.0,61220,估值,2.0,3.0
2.0,61212,时代,2.0,
2.0,61074,全球,2.0,
2.0,60942,大涨,3.0,
2.0,60715,煤炭,2.0,
2.0,60613,影响,2.0,
2.0,60511,定增,3.0,1
2.0,60361,改革,3.0,2
2.0,60339,股票,2.0,1
2.0,60160,信息,2.0,
2.0,59860,楼市,,
3.0,59753,证监会,2.0,3
2.0,59492,概念,3.0,2
1.0,57454,你,2.0, 
2.0,57363,生物,2.0,
3.0,57193,三季度,2.0,1.0
2.0,56821,水泥,2.0, 
2.0,56814,进入,3.0,4
1.0,56273,点,2.0,
2.0,56031,技术,2.0,4
2.0,55752,大幅,3.0,1
2.0,55319,国内,2.0,
2.0,54933,募资,3.0,3
1.0,54713,上,2.0,
3.0,54693,一季度,2.0,1
2.0,54662,回收,,
2.0,54630,方案,2.0,2.0
2.0,54470,价值,3.0,3
2.0,54296,启动,2.0,4.0
2.0,54186,推荐,3.0,1
2.0,54184,龙头,3.0,1
2.0,53715,发布,2.0,4
1.0,53395,下,2.0,
2.0,53356,涨幅,3.0,1
2.0,53192,城市,2.0,
2.0,53089,利润,3.0,1
2.0,52535,事项,2.0,
1.0,52483,要,2.0,
2.0,52223,提升,3.0,1
2.0,52023,打造,2.0,2
2.0,51992,连续,2.0,4
2.0,51294,完成,3.0,1
2.0,51228,调查,2.0,
2.0,51176,中期,2.0,1
1.0,50986,转,2.0,
2.0,50807,下降,1.0,
2.0,50616,钢铁,2.0, 
2.0,50594,资本,2.0,3.0
2.0,50450,如何,2.0,
1.0,50373,两,2.0,
2.0,50336,平台,2.0,
3.0,50248,地产股,,
2.0,50020,东方,2.0,
2.0,49875,升级,3.0,4
2.0,49779,震荡,1.0,3
1.0,49743,好,3.0,
3.0,49572,次新股,,
2.0,49557,年报,2.0,4.0
2.0,49353,复牌,3.0,1.0
2.0,49128,部分,2.0,
2.0,49092,新股,3.0,3
1.0,48780,从,2.0,
2.0,48630,季报,2.0,1.0
2.0,48484,集体,2.0, 
2.0,48339,产能,2.0,1.0
2.0,48045,转让,1.0,4
2.0,48000,通过,3.0,4
2.0,47552,拉升,3.0,1
2.0,47301,快速,3.0,1
2.0,47158,强势,3.0,1.0
1.0,47094,地,2.0,
2.0,46978,服务,2.0,
2.0,46756,走强,3.0,1.0
2.0,46586,预增,3.0,1
2.0,46574,午后,2.0, 
2.0,46489,实现,3.0,1
2.0,46372,迎来,3.0, 
2.0,46262,三大,2.0,1
2.0,45886,中标,3.0,1
2.0,45572,监管,1.0,4.0
1.0,45527,降,1.0,1
2.0,45311,股市,2.0,3.0
2.0,45239,推进,3.0,4.0
2.0,45090,最大,3.0,1
1.0,44799,荐,,
1.0,44651,还,3.0,
1.0,44627,都,2.0, 
2.0,44542,盘中,2.0,3.0
2.0,44511,重点,2.0, 
1.0,44500,未,1.0,
1.0,44333,期,2.0,
2.0,44162,整合,3.0,4
1.0,43945,迎,3.0,1
2.0,43922,空间,3.0,1
2.0,43850,持股,3.0,1
2.0,43819,化工,2.0,
1.0,43557,看,2.0,
2.0,43452,期货,,
2.0,43088,领域,2.0,
2.0,43083,消费,2.0,
2.0,42703,筹划,3.0,4
2.0,42626,多家,2.0,1
1.0,42587,金,2.0,
2.0,42423,传媒,,
1.0,42336,图,,
2.0,42098,海外,2.0,4
1.0,42057,因,2.0, 
2.0,42048,医疗,2.0,
2.0,41921,协议,2.0,
2.0,41596,违规,1.0,4.0
2.0,41521,背后,2.0,
2.0,41403,日起,2.0, 
2.0,41376,终止,1.0,
1.0,41279,去,2.0,
1.0,41225,车,2.0,
1.0,41208,派,2.0,
2.0,41117,下跌,1.0,
1.0,40881,谁,2.0,
2.0,40876,深圳,2.0,
2.0,40713,全国,2.0,
2.0,40532,第一,2.0,1
1.0,40475,又,2.0,
1.0,40285,能,3.0,1
2.0,40249,山东,2.0,
1.0,40184,来,2.0,
2.0,40181,大盘,2.0,3.0
1.0,40125,做,2.0,
2.0,39872,十大,3.0,1
2.0,39855,高管,2.0,4
2.0,39833,物流,2.0,4
2.0,39606,电商,2.0,1
2.0,39463,融券,,
2.0,39394,零售,2.0,2
2.0,39320,需求,2.0,1.0
2.0,39278,规模,2.0,
2.0,39181,全面,3.0,
3.0,39137,人民币,2.0,
3.0,39129,创业板,2.0,3.0
1.0,39105,会,2.0, 
2.0,38803,电气,2.0,4
2.0,38655,光电,2.0,
2.0,38483,三板,2.0,3.0
2.0,38291,市值,2.0,1
1.0,38100,创,1.0,
2.0,38035,动力,2.0, 
1.0,37873,占,2.0,
1.0,37775,受,2.0,
1.0,37500,吗,2.0,
2.0,37384,国家,2.0, 
2.0,37336,美国,2.0, 
2.0,37132,模式,2.0,
2.0,37075,新闻,,
2.0,37018,年内,2.0,
1.0,36961,买,2.0,
1.0,36887,低,1.0,1
2.0,36879,万亿,2.0,3
2.0,36843,突破,3.0,1.0
2.0,36740,什么,2.0,
2.0,36607,公开,3.0,
2.0,36341,收入,2.0,1
2.0,36230,涨价,3.0,1
2.0,36182,新高,3.0,1.0
2.0,36162,助力,3.0,1.0
2.0,36148,正式,3.0,
2.0,36099,巨头,3.0,1.0
2.0,36097,公布,2.0,4
2.0,35964,重庆,2.0, 
2.0,35796,销量,2.0,1.0
2.0,35752,私募,3.0,3
2.0,35733,申请,3.0,4
1.0,35728,推,2.0,
2.0,35715,苏宁,,
2.0,35632,传闻,2.0,
2.0,35547,披露,3.0,
2.0,35420,设立,1.0,
2.0,35358,策略,,
2.0,35325,成长,3.0,
2.0,35324,增速,2.0,1.0
2.0,34880,合同,2.0,
2.0,34870,航空,2.0,1
3.0,34612,投资者,3.0,3
2.0,34509,增发,3.0,3
2.0,34455,面临,2.0,
2.0,34439,光伏,2.0,2.0
2.0,34357,点评,2.0,
2.0,34315,开启,3.0,
2.0,34284,表现,2.0,1
2.0,34257,年度,2.0,
2.0,34191,质押,2.0,3.0
2.0,34185,短期,2.0, 
2.0,34112,旅游,,
2.0,34066,分析,2.0,
2.0,34050,走势,2.0,1
1.0,34048,欲,2.0,
2.0,33886,政府,2.0,
2.0,33865,制药,3.0,1
2.0,33845,营收,3.0,1.0
2.0,33842,整体,3.0,4
2.0,33775,贵州,2.0, 
2.0,33738,智慧,3.0,
2.0,33637,问题,1.0,
2.0,33357,保险,2.0,
2.0,33227,上调,3.0,1
2.0,33225,相关,2.0,
2.0,33175,压力,2.0,4.0
2.0,32963,明日,2.0, 
2.0,32948,世界,2.0,
3.0,32947,产业链,2.0,4
2.0,32945,回应,3.0,4
2.0,32929,再度,2.0,
2.0,32902,加码,3.0,
1.0,32856,起,2.0,
2.0,32841,高端,3.0,2
2.0,32673,广州,2.0, 
2.0,32673,工程,2.0,
2.0,32559,出炉,2.0,
2.0,32477,活跃,3.0,1
2.0,32461,暴涨,3.0,1.0
1.0,32448,天,2.0,
2.0,32400,发力,3.0,4
2.0,32367,生产,3.0,1
2.0,32106,成为,2.0,4
1.0,31948,约,2.0,
2.0,31808,员工,2.0,4
1.0,31685,就,2.0,
2.0,31564,理财,2.0,3
1.0,31396,赚,3.0,1
2.0,31313,领涨,3.0,3.0
2.0,31257,回购,2.0,4.0
2.0,31250,召开,2.0,4
2.0,31167,健康,3.0,
1.0,31066,走,2.0,
2.0,31001,矿业,2.0,1
2.0,30808,明年,2.0,
1.0,30800,正,2.0, 
1.0,30695,让,2.0, 
1.0,30667,即,2.0,
2.0,30661,软件,,
2.0,30655,石化,2.0, 
2.0,30644,变更,3.0,4
2.0,30619,目标,2.0,4
2.0,30592,明显,2.0, 
1.0,30588,投,2.0,
2.0,30552,港股,,
2.0,30546,通信,3.0,4
1.0,30382,之,2.0,
1.0,30296,潮,3.0,2
2.0,30261,增资,3.0,3.0
1.0,30201,乐,,
2.0,30187,扩张,3.0,4
1.0,30156,更,2.0,
2.0,30112,维持,3.0,
2.0,30081,天津,2.0, 
2.0,30058,提速,3.0,
2.0,30024,我国,,
2.0,29988,涉嫌,1.0,
1.0,29980,非,1.0, 
2.0,29934,资源,2.0,
2.0,29927,出台,2.0,4.0
2.0,29879,专家,2.0,4
3.0,29856,亿美元,2.0,
2.0,29813,进军,3.0,2
2.0,29639,加快,3.0,
2.0,29575,千亿,2.0,
2.0,29500,推动,3.0,1
2.0,29493,收益,3.0,1.0
2.0,29151,自主,3.0,2.0
1.0,29117,企,,
2.0,29076,参与,3.0,4
2.0,28981,贷款,1.0,1
2.0,28966,成立,2.0,4.0
2.0,28951,获批,2.0,4.0
2.0,28947,拟定,2.0,4.0
3.0,28942,前三季,2.0,1
2.0,28937,互动,2.0,
1.0,28880,现,2.0,
2.0,28863,手机,2.0,2
2.0,28842,规划,2.0,4
2.0,28698,回暖,3.0,1
1.0,28691,系,2.0,
2.0,28691,辞职,1.0,4.0
2.0,28687,首次,2.0,2
2.0,28639,开发,3.0,2
1.0,28626,也,2.0,
2.0,28574,成功,3.0,4
2.0,28474,落地,3.0,2
2.0,28461,分化,2.0,
2.0,28454,稀土,2.0,
2.0,28396,即将,2.0, 
2.0,28277,库存,2.0,1.0
1.0,28260,酒,2.0, 
2.0,28238,文化,2.0,4
2.0,28217,央行,,
2.0,28145,南京,2.0,
2.0,28133,网络,2.0, 
2.0,27948,指数,2.0,
2.0,27900,可能,2.0, 
2.0,27872,大跌,1.0,
1.0,27868,小,1.0,1
2.0,27863,工作,2.0, 
2.0,27824,商业,2.0, 
2.0,27801,激励,3.0,4.0
2.0,27746,土地,2.0,
2.0,27714,房价,,
2.0,27710,平安,2.0,
2.0,27548,重工,2.0, 
1.0,27531,以,2.0,
2.0,27499,经营,2.0,1.0
1.0,27395,难,1.0,
2.0,27358,支持,3.0, 
2.0,27308,制造,2.0,
3.0,27213,比亚迪,2.0,1
2.0,27132,全年,2.0,1.0
1.0,27128,这,2.0,
2.0,27110,工业,2.0, 
4.0,27050,资产重组,2.0,3.0
2.0,26918,预测,2.0,1.0
2.0,26799,趋势,2.0,
2.0,26726,浙江,2.0,
2.0,26718,一致,2.0,1
2.0,26637,电器,2.0,1
2.0,26614,挂牌,3.0,3
2.0,26559,回升,3.0,
1.0,26555,于,2.0, 
2.0,26374,控制,2.0,
2.0,26338,移动,2.0,
2.0,26292,实施,2.0,4
2.0,26206,江苏,2.0,
2.0,26195,宁波,2.0,
2.0,26113,成交,3.0,4.0
2.0,26110,否认,1.0,
2.0,25984,补贴,3.0,1
2.0,25982,大增,3.0,1
2.0,25923,热点,3.0,
2.0,25888,安全,2.0,4
2.0,25870,订单,2.0,1.0
3.0,25862,半年报,2.0,1
2.0,25839,管理,3.0,4
2.0,25826,出售,2.0,
2.0,25688,视网,,
2.0,25624,实业,2.0, 
2.0,25607,延续,3.0,
2.0,25594,成本,2.0,3.0
2.0,25570,事件,2.0,
2.0,25569,曝光,3.0,2
2.0,25532,早盘,2.0,3
2.0,25506,四大,2.0, 
2.0,25456,开始,3.0,
1.0,25451,深,2.0,
2.0,25438,联合,2.0, 
3.0,25359,中石化,,
2.0,25337,半年,2.0,1
1.0,25246,强,3.0,
2.0,25227,一个,2.0,
2.0,25117,积极,3.0,4
2.0,25070,招商,,
2.0,24975,客车,2.0,
2.0,24972,优势,3.0,
3.0,24948,机器人,2.0,2.0
1.0,24881,内,2.0,
2.0,24846,研发,3.0,2.0
2.0,24690,主业,2.0,4
2.0,24675,支付,2.0,
2.0,24671,调控,,
1.0,24670,王,2.0, 
2.0,24668,解析,,
2.0,24582,设备,2.0,2
2.0,24447,食品,2.0,
3.0,24403,下半年,2.0,1
2.0,24342,下调,1.0,
1.0,24287,需,2.0,
2.0,24269,最高,3.0,1
1.0,24232,无,1.0,
1.0,24163,我,2.0, 
1.0,24156,美,2.0,
2.0,24127,质疑,1.0,4
2.0,24016,还是,2.0,
2.0,23976,生态,2.0,
2.0,23966,百亿,2.0,1
2.0,23936,调研,2.0,2
2.0,23894,推出,3.0,
2.0,23756,解读,,
1.0,23654,云,2.0,
2.0,23600,中心,2.0,
2.0,23576,海南,2.0,
2.0,23548,套现,1.0,3
3.0,23448,com,,
2.0,23435,恒大,2.0,
2.0,23385,合资,3.0,
2.0,23373,举牌,2.0,3.0
2.0,23342,携手,3.0,4
2.0,23331,登陆,3.0,2.0
2.0,23260,景气,3.0,1
2.0,23230,亮相,3.0,2.0
2.0,23204,利率,2.0,3
2.0,23144,揭秘,,
2.0,23135,全线,2.0,4
2.0,23135,为何,2.0,
2.0,23083,四川,2.0,
1.0,23062,引,2.0, 
2.0,23060,信托,2.0,4
2.0,23049,入股,3.0,4
2.0,23020,进行,2.0,
2.0,23001,历史,2.0,
3.0,22989,五粮液,2.0,1
2.0,22938,能否,1.0,
2.0,22912,能力,3.0,4
2.0,22880,车企,2.0,
2.0,22851,财经,,
1.0,22832,出,2.0,
2.0,22791,累计,2.0,1
2.0,22767,暴跌,1.0,3
2.0,22721,回落,1.0,
2.0,22666,啤酒,2.0,
1.0,22661,名,2.0,
2.0,22658,注入,3.0,3
2.0,22640,一年,2.0,1
2.0,22622,一汽,2.0, 
2.0,22613,香港,2.0,
1.0,22580,总,2.0,
2.0,22552,优质,3.0,2
2.0,22549,签署,3.0,4
2.0,22537,改善,3.0,
2.0,22513,阿里,2.0,
2.0,22403,冲击,2.0,
2.0,22393,异动,2.0,4
2.0,22386,农业,2.0,1
2.0,22321,两市,2.0, 
2.0,22278,遭遇,1.0,4
2.0,22191,青岛,2.0,
3.0,22188,www,,
4.0,22183,http,,
2.0,22152,路演,2.0,3.0
2.0,22151,再次,2.0,
1.0,22135,五,2.0,
2.0,22106,cn,,
2.0,22106,拓展,3.0,
2.0,22079,签订,3.0,4
4.0,22064,sina,,
2.0,21944,超过,3.0,1
2.0,21936,节能,3.0,2
1.0,21898,钱,2.0,
2.0,21881,油价,,
2.0,21854,多少,,
2.0,21835,下周,,
1.0,21804,路,2.0, 
2.0,21773,提前,3.0,1
2.0,21771,退市,1.0,4.0
2.0,21736,哪些,,
2.0,21733,大宗,2.0,
2.0,21715,用户,,
2.0,21712,中航,2.0,
1.0,21690,料,2.0,
2.0,21656,机遇,3.0,
2.0,21641,环境,2.0,1
2.0,21610,月份,2.0,
2.0,21603,腾讯,2.0,
2.0,21584,家电,2.0,1
2.0,21528,联手,3.0,
2.0,21475,主力,3.0,
2.0,21446,格局,2.0,4.0
2.0,21435,承诺,3.0,4
2.0,21421,重磅,3.0,2
2.0,21393,获得,3.0,1
2.0,21391,旗下,3.0,4
2.0,21384,铁路,2.0,
2.0,21333,期待,3.0,4
2.0,21311,不超,2.0,
2.0,21268,苹果,2.0,
1.0,21262,望,2.0, 
2.0,21250,聚焦,2.0,4
1.0,21243,卖,1.0,1
2.0,21233,董事,2.0,4.0
2.0,21220,值得,3.0,
1.0,21119,用,2.0,
2.0,21110,实控,2.0,4.0
2.0,21048,出现,2.0, 
2.0,21009,建议,2.0, 
2.0,20966,新华,2.0,
2.0,20963,标的,2.0,2
1.0,20933,比,2.0,
2.0,20892,乐视,,
3.0,20892,深交所,2.0,3.0
2.0,20866,降价,2.0,1.0
2.0,20852,购买,3.0,1
2.0,20843,增加,3.0,
2.0,20808,广东,2.0,
2.0,20790,掘金,3.0,1
2.0,20776,新材,2.0,2.0
2.0,20759,提价,3.0,1
2.0,20684,租赁,2.0,4.0
2.0,20674,开展,3.0,1
1.0,20578,全,3.0,
1.0,20378,榜,2.0,
2.0,20348,活动,2.0,
2.0,20335,长江,2.0,
2.0,20326,出口,3.0,1
2.0,20306,合并,2.0,4.0
2.0,20273,逆势,2.0,3.0
1.0,20270,双,2.0,
2.0,20237,周期,1.0,1
2.0,20213,重要,2.0,
2.0,20211,五大,3.0,
2.0,20209,HK,,
2.0,20207,材料,2.0,
2.0,20194,美元,,
2.0,20191,举行,,
2.0,20191,创业,3.0,1
1.0,20180,仅,2.0,
1.0,20178,变,2.0, 
1.0,20134,拿,,
2.0,20078,释放,3.0,1
2.0,20050,飙升,3.0,1
3.0,19995,上交所,2.0,3.0
1.0,19895,二,2.0,
2.0,19891,两大,3.0, 
1.0,19870,四,2.0,
2.0,19866,试点,2.0,
2.0,19848,基地,2.0,
2.0,19845,三年,2.0,1
2.0,19816,前景,3.0,1
2.0,19804,武汉,1.0,
2.0,19632,信号,,
2.0,19615,地方,2.0,
2.0,19578,高速,2.0,2
2.0,19566,上演,1.0, 
2.0,19522,一路,,
2.0,19487,万达,,
4.0,19420,中兴通讯,2.0,
1.0,19404,业,2.0,
2.0,19383,崛起,,
2.0,19371,小时,,
2.0,19305,竞争,2.0,1
2.0,19241,影视,,
2.0,19215,因素,2.0,
2.0,19180,金股,,
2.0,19144,参股,2.0,3.0
1.0,19119,并,2.0, 
2.0,19062,提供,2.0,
2.0,18959,加大,3.0,
2.0,18956,军工,2.0, 
2.0,18951,长期,2.0,
2.0,18940,上升,3.0,1.0
2.0,18924,杭州,2.0,
2.0,18909,牛股,2.0,3
1.0,18851,给,2.0, 
2.0,18732,回归,2.0,4
2.0,18699,有色,2.0,1
3.0,18697,茅台酒,2.0, 
3.0,18685,发改委,,
2.0,18621,这些,2.0,
1.0,18597,均,2.0,1
3.0,18594,日复牌,3.0,1.0
3.0,18592,目标价,2.0,1
2.0,18572,借壳,2.0, 
3.0,18567,总经理,2.0,4
2.0,18457,后市,,
2.0,18408,采购,2.0,4.0
2.0,18391,系统,2.0,2.0
2.0,18353,游戏,2.0,
2.0,18320,研究,3.0,2
2.0,18313,长城,2.0,
2.0,18303,拐点,2.0,1.0
2.0,18265,央企,2.0,4
2.0,18241,标准,2.0,
3.0,18140,天然气,2.0,
2.0,18094,新疆,2.0,
2.0,18060,高铁,2.0,
1.0,18013,通,2.0,
2.0,17995,收到,2.0, 
2.0,17994,恒指,,
2.0,17985,溢价,2.0,1.0
2.0,17980,分行,,
2.0,17960,放量,2.0,3
4.0,17960,有限公司,2.0,4.0
2.0,17884,中信,2.0,
3.0,17872,信用卡,,
2.0,17854,退出,1.0, 
2.0,17837,航运,,
1.0,17837,煤,,
2.0,17768,人寿,2.0,
2.0,17705,环比,2.0,
2.0,17704,带来,2.0,
2.0,17701,怎么,,
2.0,17692,渠道,3.0,1
2.0,17689,暂停,1.0,
1.0,17686,原,2.0,
2.0,17682,山西,2.0, 
2.0,17672,成都,2.0,
2.0,17633,复苏,3.0,1
2.0,17581,引发,2.0,
2.0,17544,高新,3.0,2
1.0,17541,链,2.0, 
2.0,17519,本周,2.0,
2.0,17431,传统,2.0, 
2.0,17423,实际,2.0,
2.0,17404,核心,3.0,
2.0,17288,正在,3.0,
2.0,17275,京东,2.0,
1.0,17264,较,2.0, 
2.0,17239,低迷,1.0,1.0
2.0,17233,大会,,
3.0,17231,开发商,,
2.0,17208,媒体,2.0,
2.0,17203,全资,2.0,4.0
2.0,17168,绿色,2.0, 
2.0,17164,亿股,3.0,3
2.0,17155,抄底,1.0,
1.0,17142,建,2.0, 
2.0,17137,新政,,
2.0,17137,客户,2.0,1.0
1.0,17123,破,1.0,
2.0,17091,保利,,
2.0,17074,解禁,3.0,2
2.0,17041,时间,2.0, 
2.0,17035,扭亏,3.0,1
2.0,17031,一带,,
2.0,16996,装备,2.0,
2.0,16994,原因,2.0, 
1.0,16942,存,2.0, 
2.0,16941,预亏,1.0,1.0
2.0,16878,消息,2.0,1
2.0,16852,操作,,
2.0,16851,金额,3.0,3
2.0,16837,三成,2.0,
2.0,16813,严重,1.0,1
1.0,16802,网,,
2.0,16796,周五,,
2.0,16790,扩大,3.0,4.0
3.0,16776,再融资,3.0,3
2.0,16773,再现,3.0,1
2.0,16767,打开,2.0,
2.0,16756,应对,2.0,
2.0,16691,周四,,
2.0,16675,周二,,
2.0,16657,云南,2.0,1
2.0,16635,问询,2.0,
2.0,16627,新增,3.0,
2.0,16622,应用,2.0,2
2.0,16619,风电,2.0,
2.0,16598,潜力,2.0,
2.0,16596,六成,2.0,
2.0,16576,进口,2.0,1
1.0,16559,案,2.0,
2.0,16523,游资,2.0,3.0
2.0,16497,华润,2.0, 
2.0,16489,支撑,3.0, 
2.0,16480,危机,1.0,
2.0,16452,原油,,
2.0,16449,运营,3.0,4
2.0,16440,美的,2.0, 
2.0,16411,H股,,
2.0,16406,煤价,,
2.0,16388,建筑,2.0,
2.0,16349,营销,2.0,1
2.0,16343,债券,2.0,3
2.0,16332,六大,,
1.0,16305,签,2.0,
2.0,16298,核电,3.0,2
2.0,16295,逆市,1.0,3
1.0,16289,打,2.0, 
4.0,16274,股东大会,2.0,4
2.0,16239,不足,1.0,
2.0,16231,联网,2.0,2.0
2.0,16229,牵手,3.0,4
2.0,16218,教育,2.0,1
2.0,16218,走高,1.0,3
1.0,16195,吨,2.0,1
1.0,16180,房,,
2.0,16178,实力,2.0,1.0
2.0,16142,关联,2.0,4.0
2.0,16095,审核,2.0,4
2.0,16083,周三,,
2.0,16073,国产,2.0,
2.0,16061,引领,3.0,2.0
2.0,16054,航天,2.0,4
2.0,16015,阶段,2.0, 
2.0,16004,要求,2.0,
2.0,15930,药品,2.0,
2.0,15928,认购,3.0,4
1.0,15921,类,2.0, 
2.0,15912,四成,2.0,
2.0,15875,七成,2.0, 
2.0,15841,商品,,
1.0,15840,说,2.0,
1.0,15837,跑,2.0, 
2.0,15826,纸业,2.0, 
1.0,15806,线,2.0, 
2.0,15793,提高,3.0,1.0
1.0,15780,过,2.0,
1.0,15742,借,2.0,
2.0,15726,小幅,2.0,1
2.0,15725,发电,2.0,1
1.0,15724,号,2.0,
2.0,15723,一线,3.0,2
2.0,15695,百货,,
2.0,15680,两年,2.0,
2.0,15663,赚钱,3.0,1
2.0,15662,凸显,3.0,
1.0,15623,掀,,
1.0,15620,曝,2.0, 
2.0,15582,低估,,
2.0,15578,分红,3.0,1
2.0,15571,出资,2.0,3.0
2.0,15565,回调,,
2.0,15547,高位,3.0,1
2.0,15547,蓝筹,,
2.0,15540,区域,2.0,
2.0,15529,接盘,1.0,3
2.0,15519,融合,2.0,
2.0,15506,担保,2.0,4
2.0,15493,质量,3.0,2
1.0,15491,曾,2.0,
2.0,15481,国企,2.0,3
1.0,15481,但,2.0, 
2.0,15452,报价,,
2.0,15439,财富,,
1.0,15416,罚,1.0,4
2.0,15356,东风,2.0,
1.0,15356,送,2.0,
1.0,15336,市,,
2.0,15332,资管,2.0,4.0
2.0,15325,股指,,
2.0,15312,驱动,3.0,2
2.0,15293,情况,2.0,
1.0,15279,致,2.0,
3.0,15277,进一步,3.0,
2.0,15270,湖北,2.0, 
2.0,15239,加剧,1.0,
2.0,15232,湖南,2.0,
2.0,15229,格力,2.0,
2.0,15223,现金,2.0,3.0
2.0,15214,国资,2.0,3
1.0,15207,却,2.0,
2.0,15183,减少,1.0,1
2.0,15182,中海,2.0,
2.0,15170,西部,2.0,
2.0,15168,目前,2.0, 
2.0,15140,澄清,3.0,
1.0,15126,城,,
2.0,15106,十年,2.0, 
2.0,15098,首个,3.0,
3.0,15096,新一轮,3.0,3
2.0,15095,助推,3.0,
3.0,15091,董事会,2.0,4
2.0,15063,关于,2.0,
2.0,15049,宣布,3.0,4
1.0,15043,宝,3.0,
2.0,15009,主题,,
1.0,14997,第,2.0, 
2.0,14876,不断,2.0,
2.0,14830,密集,2.0,1
2.0,14828,中药,2.0,
2.0,14813,会议,2.0,
2.0,14806,还有,2.0,
2.0,14803,年底,2.0,1
2.0,14787,八成,2.0,
1.0,14785,港,2.0,
2.0,14762,配置,,
2.0,14756,股民,2.0,3.0
1.0,14756,价,2.0,
2.0,14737,债务,1.0,4.0
2.0,14718,盛宴,3.0, 
1.0,14704,靠,2.0,
2.0,14700,显现,2.0,1
2.0,14691,行动,3.0,4
2.0,14663,存在,2.0,
2.0,14642,深度,2.0,
2.0,14634,混改,2.0,4.0
2.0,14598,房贷,,
3.0,14570,国务院,,
2.0,14568,免费,,
2.0,14536,乳业,2.0,1.0
2.0,14533,近期,3.0,1
2.0,14516,力推,,
2.0,14488,炒作,1.0,4
1.0,14484,行,,
1.0,14464,抢,3.0,1
2.0,14440,万吨,2.0,
2.0,14438,保障,3.0,4
2.0,14411,独家,2.0,2
2.0,14398,共享,,
2.0,14395,疯狂,1.0,
2.0,14379,猜想,,
3.0,14359,四季度,2.0,
2.0,14352,不会,2.0,
2.0,14327,盘点,,
2.0,14315,黑马,,
1.0,14288,没,1.0,
4.0,14278,钢铁行业,,
1.0,14277,其,2.0, 
2.0,14261,强推,,
3.0,14219,PPP,,
2.0,14211,钢企,,
2.0,14206,专区,,
2.0,14182,充电,2.0, 
2.0,14166,生活,2.0,
2.0,14165,立案,1.0,
2.0,14161,主要,2.0,
2.0,14119,波动,2.0,
2.0,14114,超级,3.0,
1.0,14100,热,3.0,
1.0,14100,时,2.0, 
1.0,14077,量,3.0,1
2.0,14068,签约,3.0,4
1.0,14055,版,,
3.0,14053,TCL,,
2.0,14038,兄弟,2.0,
1.0,14031,国,2.0,
3.0,14029,贾跃亭,,
2.0,14028,欢迎,,
4.0,14026,国企改革,3.0,4
3.0,13970,LED,,
1.0,13933,化,2.0,
2.0,13929,华夏,,
2.0,13927,铝业,2.0,1
2.0,13925,河北,2.0,
2.0,13923,挑战,1.0,4
2.0,13907,首批,3.0,2
2.0,13891,稳定,3.0,
2.0,13890,供应,2.0,1
2.0,13890,哪里,,
2.0,13887,第二,3.0,
1.0,13871,次,2.0, 
2.0,13858,超市,,
2.0,13852,上汽,2.0,4
4.0,13830,人工智能,2.0,
2.0,13782,以上,2.0,
2.0,13780,利空,,
2.0,13757,高送,2.0,
1.0,13750,式,2.0, 
2.0,13705,强劲,3.0,3.0
2.0,13686,咨询,,
2.0,13672,中科,2.0,
2.0,13657,专线,,
2.0,13642,厦门,2.0,
2.0,13640,供给,,
2.0,13629,投产,3.0,1.0
2.0,13625,低于,1.0,
2.0,13622,华谊,,
2.0,13607,五成,2.0,
2.0,13600,地块,,
2.0,13571,符合,2.0,4
1.0,13558,首,,
2.0,13543,刺激,,
2.0,13539,疫苗,2.0, 
2.0,13510,主线,,
2.0,13492,玻璃,2.0,
2.0,13474,跳水,,
2.0,13463,井喷,,
2.0,13452,没有,2.0,
2.0,13446,旺季,3.0,4.0
2.0,13394,升温,,
2.0,13336,斥资,2.0,
2.0,13324,举办,,
2.0,13293,外资,2.0,3.0
2.0,13291,江西,2.0,
1.0,13283,度,2.0,
2.0,13280,巨亏,1.0,1
2.0,13258,电视,2.0,2
2.0,13257,上线,,
2.0,13256,保持,3.0,1
2.0,13256,两成,2.0,
1.0,13251,升,3.0,1
2.0,13241,家房,,
2.0,13163,短线,,
3.0,13162,钢铁股,,
2.0,13158,六股,,
1.0,13155,快,2.0, 
2.0,13152,进展,3.0,4
1.0,13142,亏,1.0,1.0
2.0,13140,财务,2.0,
2.0,13133,集中,2.0,
2.0,13132,发生,2.0,
2.0,13127,杠杆,,
2.0,13111,缩水,1.0,
2.0,13108,投入,3.0,4
2.0,13094,春节,,
2.0,13093,效应,2.0,1
1.0,13088,单,2.0, 
3.0,13082,敢死队,,
2.0,13076,兴业,2.0,
2.0,13066,放缓,1.0,4
2.0,13064,出手,2.0, 
2.0,13062,大单,3.0,1
4.0,13060,理财产品,2.0,3.0
2.0,13048,修复,,
2.0,13033,纷纷,,
2.0,12980,逼近,1.0,
2.0,12964,追捧,3.0, 
2.0,12920,机电,2.0,
1.0,12919,级,2.0,
2.0,12899,中央,,
2.0,12886,十三,,
2.0,12886,基本,2.0, 
2.0,12876,核准,2.0,1
2.0,12873,大连,2.0,
2.0,12868,造假,1.0,4
2.0,12858,总裁,2.0,4.0
3.0,12839,毛利率,2.0,1.0
2.0,12831,高科,2.0,
1.0,12812,吃,2.0,
2.0,12796,新低,2.0,
2.0,12792,开放,,
2.0,12791,全部,2.0, 
1.0,12789,门,1.0,
2.0,12762,论坛,,
2.0,12747,恢复,3.0,4
2.0,12730,华泰,2.0,3
2.0,12706,南方,2.0, 
3.0,12686,习近平,,
2.0,12685,停产,1.0,4.0
2.0,12682,扎堆,2.0,
2.0,12679,视频,,
2.0,12668,一周,,
1.0,12665,传,,
2.0,12655,中兴,2.0,
2.0,12651,新规,,
2.0,12647,千万,2.0,1
2.0,12645,或成,2.0, 
2.0,12642,化学,2.0, 
2.0,12640,精选,,
3.0,12632,董明珠,2.0, 
2.0,12596,谨慎,,
2.0,12592,违法,1.0,4.0
3.0,12589,二季度,2.0,1
2.0,12578,世纪,,
3.0,12570,龙头股,,
2.0,12569,房产,2.0,
4.0,12567,有色金属,,
2.0,12514,酒鬼,2.0,4
2.0,12442,是否,2.0,
2.0,12426,取消,2.0,
2.0,12426,金价,,
1.0,12426,得,2.0,
2.0,12413,芯片,2.0,2.0
1.0,12407,陷,2.0,
2.0,12384,民营,2.0,4.0
2.0,12381,关键,3.0,1
2.0,12377,酿酒,,
2.0,12376,午评,,
1.0,12376,所,2.0,
2.0,12340,江淮,2.0,
1.0,12333,应,2.0,
2.0,12333,酝酿,,
2.0,12330,比例,2.0,1
4.0,12322,国泰君安,,
2.0,12276,逐步,2.0,
2.0,12276,负债,1.0,1
2.0,12269,跨界,2.0,4.0
2.0,12264,大型,,
2.0,12259,特钢,2.0, 
2.0,12220,定向,2.0,
2.0,12217,阳光,3.0,
2.0,12206,照明,2.0, 
2.0,12199,开幕,,
1.0,12178,想,,
2.0,12166,来临,,
4.0,12160,房贷利率,,
4.0,12153,公司业绩,2.0,1
2.0,12142,首日,2.0,
2.0,12141,数字,2.0,
2.0,12138,翻番,3.0,1.0
2.0,12126,领跌,,
2.0,12108,结构,2.0,
2.0,12086,最后,,
2.0,12040,宝钢,2.0, 
2.0,12025,上行,,
2.0,12021,电池,2.0,
1.0,11952,南,2.0,
1.0,11944,赴,2.0,
1.0,11941,贷,,
1.0,11930,很,2.0,
2.0,11910,品种,2.0,2
2.0,11902,稳健,3.0,1.0
3.0,11892,停复牌,,
2.0,11870,青睐,3.0,3
3.0,11870,潜力股,,
2.0,11868,安徽,2.0, 
2.0,11851,海通,,
2.0,11845,平均,,
2.0,11820,确定,3.0,
2.0,11804,逻辑,2.0,
4.0,11803,内幕交易,,
2.0,11792,汇率,,
4.0,11785,煤炭行业,,
2.0,11758,抢筹,3.0,
2.0,11754,罚单,1.0,1
2.0,11720,福建,2.0,
2.0,11704,信心,3.0,
2.0,11675,补助,3.0,
2.0,11672,内部,2.0,
2.0,11663,率先,3.0,
2.0,11654,红利,3.0,3
2.0,11630,冻结,1.0,4
2.0,11611,中铁,,
2.0,11602,处罚,1.0,4.0
2.0,11586,重启,3.0,2
2.0,11586,要闻,,
2.0,11576,轿车,2.0,
2.0,11576,平稳,3.0,1
1.0,11570,药,2.0,
3.0,11552,银行业,,
1.0,11542,道,2.0,
2.0,11519,希望,3.0,1
2.0,11506,港口,,
2.0,11505,有限,2.0,
2.0,11500,不再,1.0,
2.0,11479,个人,2.0,4.0
2.0,11478,排名,,
2.0,11470,洗牌,,
2.0,11455,神华,,
3.0,11434,经销商,2.0,1.0
1.0,11422,函,2.0,
2.0,11412,变化,2.0,4.0
2.0,11410,结束,,
2.0,11410,日本,2.0,
2.0,11407,引入,3.0,4
1.0,11406,发,2.0,
3.0,11399,自贸区,,
2.0,11397,加强,2.0,4.0
2.0,11382,不是,2.0,
2.0,11378,结果,2.0, 
2.0,11372,明星,2.0,2
2.0,11371,园林,,
2.0,11362,公募,,
2.0,11355,东北,2.0,
2.0,11354,酒店,,
2.0,11350,微信,,
2.0,11349,大众,2.0,
2.0,11336,观察,,
2.0,11334,中小,2.0,
2.0,11310,拖累,1.0,1
2.0,11295,只股,,
1.0,11278,购,2.0,
2.0,11271,综合,2.0,
2.0,11271,业内,,
2.0,11252,引爆,3.0,1.0
1.0,11231,开,,
2.0,11229,我们,,
2.0,11226,小米,2.0,
3.0,11215,为什么,,
2.0,11208,风口,,
2.0,11207,在线,,
2.0,11207,过剩,,
2.0,11181,承压,2.0,4.0
1.0,11172,待,2.0,
2.0,11163,取得,3.0,4
1.0,11149,把,2.0,
2.0,11145,泸州,2.0,
2.0,11133,跨境,,
2.0,11129,合计,2.0,1
2.0,11115,广发,,
2.0,11112,光明,2.0,
2.0,11090,索赔,3.0,1
1.0,11058,谈,,
2.0,11049,西安,,
2.0,11025,资讯,,
2.0,11024,下挫,,
4.0,11016,强烈推荐,,
2.0,11007,信披,2.0,4.0
2.0,10966,中粮,2.0,
2.0,10959,复星,2.0, 
2.0,10950,长安,2.0,
2.0,10942,来袭,,
2.0,10933,水电,2.0,2
4.0,10931,格力电器,2.0, 
2.0,10886,飞机,2.0, 
2.0,10885,达成,3.0,1
1.0,10838,促,2.0, 
2.0,10826,上扬,,
1.0,10826,净,2.0,
1.0,10818,明,2.0, 
2.0,10815,机械,2.0, 
2.0,10809,幸福,,
2.0,10806,蒸发,1.0,3.0
2.0,10805,更名,2.0,4.0
1.0,10779,而,2.0,
2.0,10776,煤电,,
2.0,10776,不能,,
2.0,10773,油气,,
2.0,10762,制度,,
2.0,10762,力度,2.0,
1.0,10757,涉,1.0,
1.0,10755,电,2.0,
4.0,10751,汽车行业,,
2.0,10735,方向,2.0,
2.0,10719,首家,2.0,2
2.0,10718,涉足,2.0,
2.0,10718,低价,3.0,1
1.0,10715,炒,2.0,3.0
2.0,10699,持有,2.0,3.0
2.0,10697,产量,2.0,1.0
1.0,10691,讯,,
2.0,10687,设计,2.0,4.0
2.0,10679,华为,2.0,1
2.0,10678,股本,2.0,4.0
2.0,10674,上浮,,
2.0,10664,飘红,,
4.0,10648,扭亏为盈,3.0,1.0
2.0,10629,警示,1.0,4
2.0,10614,挖掘,,
2.0,10611,工行,,
2.0,10608,良机,,
2.0,10607,加仓,3.0,3.0
2.0,10592,离职,1.0,
2.0,10582,入主,3.0,4
2.0,10546,峰会,,
2.0,10525,三一,2.0,
2.0,10517,电影,,
2.0,10515,民企,,
2.0,10509,给予,,
2.0,10497,使用,2.0,
2.0,10495,扶持,,
2.0,10493,置业,,
1.0,10459,债,,
2.0,10451,联盟,,
2.0,10437,已经,2.0,
2.0,10431,直达,,
2.0,10427,牛市,,
2.0,10426,实体,,
1.0,10423,老,,
2.0,10422,周报,,
2.0,10417,精准,3.0,1
2.0,10413,陕西,2.0,
2.0,10407,乐观,3.0, 
2.0,10378,今天,,
2.0,10368,下行,,
2.0,10363,翻倍,3.0,1.0
2.0,10350,社会,,
2.0,10337,西藏,,
2.0,10337,首页,,
3.0,10327,国资委,2.0,3.0
1.0,10325,才,,
1.0,10299,抛,1.0,
2.0,10287,万辆,2.0,1
1.0,10277,设,2.0,
2.0,10270,电价,2.0,1
2.0,10266,多地,,
2.0,10263,空调,2.0, 
1.0,10249,助,,
2.0,10241,抛售,1.0,
2.0,10224,机场,,
2.0,10222,地铁,,
3.0,10222,供应商,2.0,1
2.0,10220,精密,2.0,2.0
2.0,10217,河南,2.0,
2.0,10196,首季,2.0,1.0
2.0,10186,以来,2.0,1
2.0,10182,完善,3.0,1
2.0,10175,巨大,2.0,1
1.0,10173,油,,
2.0,10170,合肥,2.0,
2.0,10169,电网,,
2.0,10163,重挫,,
2.0,10159,二线,,
2.0,10156,步入,2.0,4
3.0,10145,SUV,,
2.0,10141,金属,2.0, 
2.0,10137,获利,3.0,
2.0,10131,高价,,
1.0,10113,型,2.0, 
1.0,10111,泰,2.0, 
4.0,10109,中联重科,2.0, 
2.0,10090,基建,2.0,
2.0,10090,医院,2.0, 
2.0,10077,亮点,3.0,2.0
2.0,10066,博弈,2.0,
2.0,10066,体系,2.0, 
2.0,10032,养老,,
3.0,10027,基本面,,
2.0,10026,展望,,
2.0,10017,董秘,2.0,4.0
2.0,10011,五年,2.0,
3.0,10011,制造业,2.0,
2.0,10010,厂家,,
1.0,9994,区,,
3.0,9974,结构性,,
2.0,9945,周一,,
2.0,9934,准备,2.0,
2.0,9919,拍卖,2.0,
2.0,9914,老窖,2.0,1
2.0,9908,底部,,
1.0,9903,飞,,
2.0,9901,娱乐,2.0,2
1.0,9891,物,2.0,
2.0,9887,生意,,
3.0,9869,万亿元,,
3.0,9851,销售额,,
2.0,9840,新品,3.0,2
2.0,9827,路桥,,
2.0,9827,开工,3.0,1
2.0,9814,季度,2.0,1
2.0,9806,两会,,
2.0,9774,住房,,
2.0,9755,到底,,
2.0,9737,生化,2.0, 
2.0,9729,损失,1.0,1
2.0,9728,国航,,
3.0,9727,强势股,,
2.0,9716,广电,2.0,
1.0,9704,玩,,
2.0,9700,方大,2.0,
2.0,9679,降低,1.0,1
2.0,9677,选择,,
3.0,9668,成品油,,
2.0,9665,区块,3.0,2
2.0,9656,临时,2.0,
2.0,9653,改造,3.0,4
3.0,9645,工信部,,
2.0,9636,药企,2.0, 
2.0,9634,今起,2.0,
2.0,9633,运行,2.0,1
2.0,9631,带动,2.0,
2.0,9626,内参,,
2.0,9618,紫金,,
2.0,9607,套房,,
2.0,9602,建材,2.0,
2.0,9596,民生,,
1.0,9594,岁,,
3.0,9589,多元化,3.0,
2.0,9580,创投,2.0, 
2.0,9579,知道,,
2.0,9576,难题,1.0,2
2.0,9560,红包,2.0, 
2.0,9552,居前,,
3.0,9550,欢迎您,,
3.0,9545,公司债,2.0,1
2.0,9541,提振,3.0,
1.0,9519,张,,
2.0,9514,治理,3.0,4
2.0,9502,核查,1.0,4
2.0,9498,造纸,,
2.0,9491,双双,2.0,
2.0,9490,流通,,
2.0,9488,家化,2.0, 
2.0,9486,起诉,1.0,4
1.0,9484,梦,2.0, 
2.0,9479,建行,,
2.0,9461,存货,2.0,
1.0,9453,气,,
1.0,9438,收,3.0,1
2.0,9435,开业,,
2.0,9428,优惠,,
2.0,9406,门槛,,
2.0,9399,车市,,
2.0,9381,飙涨,,
1.0,9379,京,,
2.0,9378,流入,,
1.0,9376,丨,,
2.0,9369,普遍,,
4.0,9362,商业地产,,
2.0,9359,需要,,
2.0,9354,电缆,2.0,
1.0,9348,款,2.0,1
2.0,9347,伊利,2.0,
1.0,9344,共,2.0,
1.0,9322,侧,,
2.0,9322,水平,2.0,4
2.0,9319,同业,2.0,
2.0,9301,增幅,3.0,1.0
2.0,9300,新兴,3.0,
2.0,9288,企稳,,
2.0,9284,推广,3.0,2
2.0,9273,争议,1.0,
2.0,9268,解决,2.0,5
1.0,9263,自,2.0,
2.0,9258,研报,,
3.0,9251,万美元,2.0,1
2.0,9251,内地,,
2.0,9249,交通,,
2.0,9247,限售,1.0,1.0
2.0,9233,境外,2.0, 
2.0,9219,酒业,2.0,1
2.0,9215,寻找,2.0,
1.0,9211,者,2.0,
2.0,9195,一字,2.0, 
2.0,9186,变动,1.0,
2.0,9184,新区,2.0,
2.0,9181,AI,,
2.0,9181,弱势,,
2.0,9179,工厂,2.0,
2.0,9179,看点,3.0,
2.0,9170,尾盘,2.0,2
1.0,9167,今,2.0, 
2.0,9154,火线,,
2.0,9141,促销,,
2.0,9139,首发,3.0,2
2.0,9139,中报,2.0,4.0
2.0,9131,加息,,
2.0,9117,社保,2.0, 
2.0,9094,限购,,
2.0,9080,用于,2.0,
4.0,9079,集成电路,2.0, 
2.0,9075,神州,2.0,
2.0,9071,现货,,
2.0,9050,注册,2.0,4.0
4.0,9049,发行股票,3.0,3
2.0,9040,介入,1.0,4.0
2.0,9039,意见,,
2.0,9036,其他,2.0,
3.0,9035,十二五,2.0,4
3.0,9032,电动车,2.0,2
1.0,9031,分,,
1.0,9021,盘,2.0,3
1.0,9014,站,2.0, 
2.0,9011,领跑,,
2.0,9003,投行,,
2.0,8988,高层,2.0,4.0
2.0,8980,五股,,
2.0,8971,债市,,
2.0,8957,基因,2.0,
1.0,8955,方,2.0,
2.0,8949,大佬,2.0,
2.0,8946,考验,,
2.0,8945,超大,,
2.0,8944,水务,,
2.0,8940,变革,3.0,
2.0,8940,计算,,
3.0,8939,国际化,3.0,4.0
2.0,8935,涉及,2.0,2
2.0,8930,领先,3.0,2
2.0,8923,石墨,2.0,2.0
2.0,8921,电源,2.0,
2.0,8899,三个,2.0,1
2.0,8896,隐忧,1.0,
2.0,8891,系列,2.0,2
2.0,8882,险资,,
2.0,8879,百度,,
2.0,8878,扶贫,,
3.0,8862,特斯拉,2.0,
2.0,8858,涨近,,
2.0,8857,煤企,,
3.0,8856,分析师,,
2.0,8847,尚未,2.0,
2.0,8801,通道,,
3.0,8795,流动性,,
2.0,8792,常态,,
2.0,8773,检测,2.0,
3.0,8769,零部件,2.0, 
2.0,8769,光大,,
1.0,8759,每,2.0,
2.0,8750,部门,,
2.0,8748,可以,,
2.0,8745,广汽,,
2.0,8734,优化,3.0,4
2.0,8733,诉讼,1.0,4
2.0,8724,流出,1.0,
2.0,8714,违约,1.0,1
2.0,8709,广西,,
2.0,8700,展开,,
2.0,8698,吉林,2.0, 
2.0,8695,概率,,
2.0,8691,持仓,,
2.0,8687,确认,3.0,4
3.0,8686,锂电池,2.0,2
2.0,8684,首套,,
2.0,8676,剥离,2.0,4.0
2.0,8659,国信,,
2.0,8642,条件,2.0,1
2.0,8639,福田,2.0,
2.0,8634,华电,2.0,
2.0,8631,阿胶,2.0, 
2.0,8620,巨额,2.0,1.0
2.0,8617,珠海,2.0,
2.0,8601,船舶,2.0, 
2.0,8601,被否,1.0,
2.0,8597,将成,3.0,
2.0,8596,落户,,
2.0,8589,团队,2.0,
2.0,8589,主席,,
2.0,8581,专业,,
1.0,8579,远,2.0,
2.0,8577,多重,,
2.0,8577,新型,3.0,2
2.0,8576,突围,3.0,1
2.0,8575,重回,3.0,3.0
2.0,8567,种业,,
2.0,8566,风波,1.0,
2.0,8559,明确,2.0,
2.0,8547,整改,3.0,
2.0,8524,关系,2.0, 
1.0,8518,位,2.0, 
2.0,8517,警惕,,
2.0,8509,单车,,
2.0,8504,变脸,1.0, 
2.0,8500,指标,,
2.0,8495,大战,,
1.0,8494,谋,2.0,
2.0,8490,牌照,,
3.0,8489,新闻网,,
3.0,8485,收益率,,
2.0,8484,钢价,,
2.0,8481,余额,,
2.0,8479,依然,,
2.0,8475,通知,2.0,
2.0,8468,最具,,
2.0,8468,这个,,
2.0,8460,火爆,,
2.0,8447,定价,2.0,1.0
2.0,8439,之争,2.0,
3.0,8436,排名第,,
2.0,8431,代表,,
1.0,8419,由,2.0, 
2.0,8417,两个,2.0,
2.0,8396,等待,,
3.0,8394,乘用车,2.0, 
2.0,8376,焦点,,
2.0,8373,查询,,
2.0,8371,探索,3.0,2.0
2.0,8370,鉴定,,
3.0,8368,CEO,,
2.0,8368,存款,,
2.0,8360,苏州,2.0,
1.0,8338,封,,
2.0,8335,改变,,
2.0,8329,打响,,
1.0,8324,他,,
2.0,8321,力挺,,
2.0,8320,网上,2.0, 
1.0,8319,逢,,
2.0,8318,专项,2.0,
3.0,8309,交易所,2.0,3.0
2.0,8307,亚洲,,
2.0,8301,凤凰,2.0,
2.0,8285,批准,2.0,4.0
2.0,8279,远洋,,
2.0,8276,把握,,
2.0,8275,垄断,,
2.0,8274,体验,,
2.0,8272,处理,1.0,4
2.0,8263,事故,1.0,
2.0,8261,东航,,
3.0,8260,半导体,2.0,1
2.0,8247,快递,,
2.0,8243,走低,,
2.0,8240,酒企,,
2.0,8240,基础,,
2.0,8235,方式,2.0,
2.0,8231,国投,3.0,3
2.0,8223,走出,,
2.0,8208,电机,2.0,
2.0,8202,春天,,
3.0,8201,王亚伟,,
2.0,8200,框架,2.0,
2.0,8198,节后,,
2.0,8190,炒股,2.0,3.0
1.0,8184,六,2.0,
2.0,8182,直接,2.0, 
1.0,8173,该,,
4.0,8168,长安汽车,2.0,4
2.0,8168,电站,2.0,
2.0,8166,股望,,
2.0,8165,瞄准,3.0, 
2.0,8164,滚动,,
1.0,8157,爱,,
2.0,8154,燃气,2.0,
2.0,8153,鞍钢,2.0,
3.0,8139,供应链,2.0,4
2.0,8131,南车,2.0,
2.0,8129,年薪,2.0,1
2.0,8125,百万,,
2.0,8123,广告,2.0,4
2.0,8117,重仓,3.0,
2.0,8116,海航,,
2.0,8108,信用,,
2.0,8108,处于,2.0,
2.0,8105,招行,,
1.0,8102,海,2.0,
2.0,8093,二次,2.0,
3.0,8087,CPI,,
2.0,8085,跌破,,
2.0,8070,王石,,
2.0,8069,出逃,1.0,3.0
2.0,8069,直播,2.0,
2.0,8056,九成,2.0,
2.0,8044,多数,,
2.0,8043,增强,3.0,
2.0,8043,人才,,
4.0,8040,医疗器械,2.0, 
2.0,8037,老板,2.0,4
2.0,8036,构建,2.0,
4.0,8034,最新消息,,
2.0,8033,北方,2.0, 
2.0,8027,募集,3.0,3
2.0,8013,腾飞,,
2.0,8011,科大,,
2.0,8005,失败,1.0,
2.0,8001,雄安,2.0,
2.0,7998,受理,2.0,4.0
2.0,7989,重新,3.0,
2.0,7987,一天,2.0,
2.0,7977,欧洲,2.0,
2.0,7976,困局,1.0,4
2.0,7975,路径,,
2.0,7956,延期,1.0,
2.0,7953,专利,3.0,2.0
1.0,7951,商,2.0,
2.0,7946,中远,,
3.0,7945,钢铁业,,
1.0,7933,季,,
1.0,7929,华,,
2.0,7929,虚假,1.0,4
2.0,7925,数量,2.0,1
2.0,7915,华东,2.0, 
2.0,7914,纺织,2.0,
2.0,7914,佛山,2.0,
2.0,7906,洋河,2.0,
2.0,7903,轮胎,2.0,
2.0,7902,报道,,
3.0,7901,可转债,2.0,3
2.0,7896,精神,,
2.0,7895,暴增,3.0,
2.0,7893,真相,,
2.0,7891,账户,2.0, 
2.0,7887,页岩,,
2.0,7876,信贷,,
3.0,7857,生产线,2.0,4.0
1.0,7856,当,,
2.0,7850,贸易,,
2.0,7843,故事,,
1.0,7843,齐,2.0,
2.0,7840,抢入,,
2.0,7829,冲刺,,
2.0,7828,欧元,2.0,
3.0,7826,开门红,,
2.0,7804,泡沫,,
2.0,7804,股改,,
2.0,7799,促进,,
2.0,7799,两家,2.0,
2.0,7779,寒冬,,
2.0,7778,永辉,,
2.0,7773,昨日,2.0,
2.0,7770,长沙,,
2.0,7767,神秘,2.0,
2.0,7763,较大,2.0, 
2.0,7762,获准,3.0,4
2.0,7758,辽宁,,
2.0,7752,车展,,
2.0,7750,发酵,1.0,4.0
3.0,7749,运营商,,
2.0,7747,冲高,,
2.0,7745,体育,,
1.0,7745,赢,3.0,1
2.0,7744,再起,,
2.0,7740,依旧,,
3.0,7736,独角兽,,
2.0,7726,险企,,
3.0,7720,京津冀,,
3.0,7718,消费者,,
1.0,7717,着,,
2.0,7717,良好,2.0,
2.0,7715,举报,1.0,
2.0,7708,决定,2.0,决定
1.0,7707,周,,
3.0,7706,第一股,3.0,3
1.0,7700,持,2.0,
2.0,7691,厂商,2.0,4
2.0,7689,独立,2.0,
3.0,7687,铁矿石,,
2.0,7684,形成,,
4.0,7680,电力行业,,
2.0,7674,到来,,
2.0,7670,破产,1.0,1.0
2.0,7665,南北,2.0,
2.0,7662,互联,2.0,2.0
2.0,7653,入市,,
2.0,7650,定位,,
2.0,7648,易主,2.0,4
3.0,7642,倒计时,,
2.0,7628,货运,,
2.0,7623,收官,,
2.0,7622,光线,,
2.0,7619,涨超,3.0,3.0
2.0,7617,南航,,
2.0,7610,低位,,
2.0,7594,认证,3.0,4
2.0,7589,之后,,
1.0,7589,粤,,
2.0,7587,受让,3.0,4
2.0,7577,显示,2.0,1
2.0,7565,争夺,,
2.0,7560,分歧,1.0,4
2.0,7559,募投,2.0,3.0
3.0,7557,竞争力,2.0,
2.0,7555,正文,,
1.0,7544,绩,,
1.0,7543,十,,
2.0,7538,电动,2.0,
3.0,7534,京东方,2.0,
2.0,7532,通讯,2.0,2
2.0,7531,动能,,
2.0,7527,农村,,
2.0,7512,反转,3.0,
4.0,7505,副总经理,2.0,4
2.0,7499,薪酬,3.0,1
2.0,7497,稳步,3.0,1
2.0,7494,多项,2.0,2
3.0,7492,保监会,,
2.0,7489,终端,2.0, 
2.0,7486,走向,,
3.0,7482,涨停板,,
3.0,7480,管理层,2.0,4.0
1.0,7478,各,2.0,
2.0,7475,青海,2.0,
2.0,7471,三星,2.0,
2.0,7460,渤海,,
2.0,7459,火电,2.0,
2.0,7458,细分,,
2.0,7458,物业,,
1.0,7455,进,,
4.0,7453,中信证券,2.0,3.0
2.0,7449,措施,3.0,4
2.0,7439,海信,2.0, 
1.0,7437,铜,,
2.0,7428,机制,,
2.0,7425,绿地,,
2.0,7421,共同,2.0,
2.0,7417,强烈,,
1.0,7410,战,,
2.0,7409,马云,,
2.0,7403,联通,,
1.0,7403,遇,2.0,
1.0,7403,岛,,
2.0,7401,发现,,
1.0,7400,船,2.0,
2.0,7382,降温,,
2.0,7381,放弃,1.0,
1.0,7380,牛,,
2.0,7376,多个,2.0,
2.0,7370,抢眼,,
2.0,7368,最佳,,
2.0,7366,这样,,
4.0,7362,人事变动,,
2.0,7355,步伐,,
1.0,7352,性,,
2.0,7347,显著,3.0,1.0
2.0,7346,低开,,
2.0,7345,竞得,,
1.0,7342,锌,2.0,
2.0,7336,困境,,
2.0,7333,紧急,1.0,
1.0,7326,铝,,
1.0,7319,率,,
2.0,7317,中原,,
2.0,7313,顺利,3.0, 
2.0,7310,利益,2.0,1.0
2.0,7308,开通,,
2.0,7303,振兴,,
4.0,7302,长城汽车,2.0,
3.0,7296,排行榜,,
2.0,7292,频现,2.0, 
1.0,7292,踩,1.0,1
2.0,7292,二手,,
2.0,7286,地震,,
3.0,7285,农产品,,
2.0,7284,保护,,
2.0,7282,具备,2.0,
2.0,7280,向上,3.0,1
2.0,7277,召回,1.0,1
2.0,7276,收紧,,
4.0,7275,中国联通,,
2.0,7261,泄密,,
4.0,7241,招商银行,,
3.0,7240,副总裁,2.0,4
2.0,7239,煤矿,2.0, 
1.0,7239,项,2.0,1
1.0,7236,烯,3.0,2
2.0,7227,獐子,,
1.0,7226,微,,
2.0,7224,昆明,,
2.0,7213,直线,2.0,
2.0,7213,配套,2.0,
2.0,7210,主动,2.0, 
2.0,7205,扩容,,
1.0,7199,砸,2.0,
2.0,7197,三家,2.0,
2.0,7184,中证,,
2.0,7181,经理,,
1.0,7180,俄,,
2.0,7175,观点,,
2.0,7175,通胀,,
1.0,7173,副,,
3.0,7170,现金流,3.0,1
1.0,7170,零,,
2.0,7162,态势,,
2.0,7150,现身,2.0,
1.0,7150,力,,
2.0,7149,连锁,,
2.0,7144,超跌,,
2.0,7135,临近,,
2.0,7133,新城,,
2.0,7118,执行,2.0,4.0
2.0,7111,中车,2.0,
2.0,7104,自己,,
4.0,7097,宝钢股份,2.0,3
2.0,7096,煤业,,
2.0,7090,下游,2.0,2
2.0,7086,强化,3.0,
2.0,7085,居首,,
2.0,7082,连阳,,
2.0,7076,施工,,
2.0,7072,要约,2.0,
1.0,7071,稳,,
2.0,7070,规范,,
2.0,7069,长春,2.0,
2.0,7065,多头,,
2.0,7060,郑州,,
2.0,7058,产销,2.0,1.0
4.0,7058,民生银行,,
2.0,7058,卫星,3.0,2
2.0,7058,卖出,1.0,1
2.0,7055,分享,,
4.0,7055,医药行业,,
3.0,7054,亿港元,,
2.0,7051,奶粉,,
2.0,7050,兰州,2.0, 
3.0,7043,钛白粉,2.0, 
2.0,7041,纠纷,1.0,
2.0,7037,全新,,
3.0,7035,太阳能,2.0,
2.0,7030,深化,3.0,4
2.0,7017,开拓,3.0,2
2.0,7012,攀升,,
2.0,7011,北斗,2.0,2
2.0,7009,生变,1.0,
2.0,6997,电信,,
2.0,6994,组图,,
4.0,6991,高速公路,,
3.0,6987,美联储,,
2.0,6986,暴风,,
2.0,6985,合理,3.0,4
2.0,6985,主流,,
2.0,6979,契机,,
1.0,6971,们,,
2.0,6970,海螺,2.0,
2.0,6964,江南,2.0,
3.0,6949,发动机,2.0,2.0
3.0,6944,Not,,
1.0,6943,携,2.0,
5.0,6942,Found,,
2.0,6940,印度,2.0,
2.0,6940,地位,3.0,4
2.0,6938,污染,,
4.0,6934,兴业银行,,
2.0,6925,蛋糕,,
2.0,6925,亚太,2.0,
2.0,6924,文件,,
2.0,6922,组织,,
3.0,6911,白云山,2.0, 
3.0,6908,特高压,2.0, 
2.0,6907,风暴,,
2.0,6907,接受,2.0,
2.0,6903,转向,,
1.0,6902,保,,
2.0,6896,补充,2.0,
3.0,6889,中海油,,
2.0,6885,新浪,,
2.0,6885,热情,,
1.0,6878,里,,
1.0,6871,信,,
3.0,6870,交易日,2.0,3.0
2.0,6869,楼盘,,
2.0,6868,贡献,3.0,1.0
2.0,6859,解除,1.0,4
2.0,6850,开板,,
2.0,6843,每日,,
2.0,6843,电话,,
1.0,6841,哪,,
2.0,6840,社区,,
3.0,6838,任志强,,
2.0,6828,注资,3.0,3
3.0,6823,草甘膦,,
3.0,6821,控制权,2.0,4.0
2.0,6816,农行,,
2.0,6795,预告,2.0,
2.0,6792,出海,,
3.0,6792,分公司,2.0,
1.0,6790,啥,,
2.0,6789,上攻,,
2.0,6787,终结,,
2.0,6785,正常,3.0,
2.0,6783,德国,2.0, 
1.0,6774,令,,
2.0,6773,增近,3.0,
1.0,6768,桩,2.0,
2.0,6756,首富,,
2.0,6755,股派,2.0,3
4.0,6749,工程机械,,
2.0,6746,兼并,,
2.0,6734,金矿,,
2.0,6734,评估,,
2.0,6720,保费,,
2.0,6715,投建,2.0,4.0
1.0,6712,水,,
2.0,6710,打新,,
3.0,6706,银监会,,
2.0,6705,激增,3.0,
2.0,6699,家族,,
2.0,6693,曙光,3.0,
2.0,6682,入选,3.0,
2.0,6680,安信,,
3.0,6680,控股权,3.0,4
3.0,6678,一体化,3.0,
1.0,6677,店,,
2.0,6671,管道,2.0,
2.0,6668,重汽,2.0, 
2.0,6667,联姻,,
4.0,6664,中信银行,,
2.0,6660,情绪,,
1.0,6659,早,,
2.0,6656,存疑,1.0,
2.0,6652,供需,,
2.0,6651,看盘,,
2.0,6651,催生,,
2.0,6648,清仓,3.0,1
2.0,6645,诞生,,
3.0,6642,水井坊,2.0, 
2.0,6641,缘何,,
2.0,6640,好转,3.0,
2.0,6640,仪器,2.0, 
2.0,6637,连涨,,
3.0,6635,证监局,2.0,4.0
2.0,6632,护盘,,
1.0,6630,昨,2.0,
2.0,6628,借款,2.0,3.0
2.0,6620,议案,2.0,
2.0,6614,抱团,3.0,4
2.0,6610,翻红,,
2.0,6605,通报,,
1.0,6599,奖,,
2.0,6598,导航,2.0,
2.0,6596,首届,,
1.0,6595,捧,3.0,
3.0,6584,城镇化,,
1.0,6580,特,2.0,
4.0,6578,行业龙头,3.0,1.0
2.0,6573,锂业,2.0,2.0
3.0,6568,市场化,,
2.0,6567,中资,,
2.0,6563,内幕,2.0,4
1.0,6561,回,,
2.0,6554,目录,2.0,
1.0,6553,真,,
2.0,6547,发起,3.0,1
2.0,6543,坚持,2.0,4
2.0,6539,打破,,
2.0,6539,潜伏,,
2.0,6534,中性,,
4.0,6534,云南白药,2.0,
2.0,6528,浪潮,2.0, 
3.0,6524,成绩单,,
2.0,6520,视讯,2.0,
1.0,6519,预,2.0,
1.0,6516,卡,,
2.0,6511,暗藏,,
1.0,6509,换,,
2.0,6508,支行,,
2.0,6506,中行,,
2.0,6502,车型,2.0, 
2.0,6499,频频,3.0,1
2.0,6498,降准,,
2.0,6497,权益,2.0,1
2.0,6493,地区,2.0, 
3.0,6493,塑化剂,,
2.0,6485,逐渐,,
2.0,6476,登记,,
3.0,6472,贝因美,2.0,
4.0,6471,价格上涨,2.0,1.0
2.0,6467,一度,2.0,1
2.0,6459,服装,2.0,
2.0,6455,拿下,3.0,4
1.0,6454,钛,2.0, 
2.0,6446,揭晓,,
2.0,6432,一家,3.0,
2.0,6430,航线,,
2.0,6430,济南,,
2.0,6418,财报,2.0,1
2.0,6406,住宅,,
4.0,6403,网络安全,,
2.0,6400,扫码,,
4.0,6399,中国银行,,
2.0,6395,珠江,2.0, 
2.0,6393,三线,,
2.0,6390,PE,,
4.0,6381,无人驾驶,,
2.0,6380,升值,,
1.0,6378,太,,
3.0,6372,智能化,2.0,2.0
2.0,6372,落幕,,
2.0,6372,B股,,
2.0,6369,动态,,
2.0,6366,现代,2.0,
2.0,6364,港元,,
1.0,6362,见,,
2.0,6361,海尔,2.0,
2.0,6354,减产,,
2.0,6353,银河,2.0,
1.0,6348,忙,,
2.0,6338,钢构,2.0,2.0
2.0,6337,东阿,2.0,
2.0,6332,货币,,
2.0,6329,乱象,,
2.0,6327,走进,,
1.0,6318,机,,
2.0,6309,裁员,,
1.0,6303,连,,
2.0,6299,官员,,
2.0,6295,筹码,2.0, 
2.0,6293,试水,,
2.0,6290,缓解,,
1.0,6282,材,2.0,
2.0,6282,超标,3.0,
2.0,6281,农药,,
2.0,6280,营业,2.0,1
2.0,6273,国有,2.0,4
3.0,6264,国家队,,
2.0,6263,证金,2.0,
2.0,6261,门店,,
2.0,6253,发债,,
2.0,6252,纳入,2.0, 
2.0,6250,业界,,
2.0,6242,总额,2.0,1.0
2.0,6240,重卡,2.0,
2.0,6235,建立,,
2.0,6232,自救,1.0,4
2.0,6232,国电,2.0,
2.0,6231,预喜,,
2.0,6230,化肥,,
2.0,6227,接近,,
2.0,6221,重整,3.0,4
4.0,6220,快速增长,3.0,1.0
2.0,6216,国美,,
2.0,6213,票据,2.0,3
2.0,6203,家居,,
2.0,6201,只是,,
3.0,6201,不合格,,
2.0,6201,破发,2.0,
2.0,6200,限制,,
1.0,6197,暨,2.0,
2.0,6195,海洋,,
2.0,6192,英国,,
2.0,6191,月底,2.0,1.0
1.0,6187,定,2.0,
2.0,6187,荣获,,
2.0,6185,整车,2.0,
4.0,6181,金融机构,,
2.0,6181,增收,3.0,1
2.0,6172,补血,,
2.0,6169,突然,2.0, 
2.0,6169,涨势,,
1.0,6169,银,,
2.0,6162,运输,,
2.0,6162,叫停,,
2.0,6161,责任,,
2.0,6160,有关,2.0,
2.0,6159,海运,,
2.0,6159,吉利,,
2.0,6159,对外,2.0,1
2.0,6156,增至,,
2.0,6153,VR,,
2.0,6146,史上,,
2.0,6144,异常,1.0,4
1.0,6140,女,,
2.0,6139,西南,,
2.0,6137,半日,,
1.0,6123,展,,
2.0,6120,日报,,
2.0,6113,武钢,,
2.0,6113,锁定,2.0,
2.0,6108,大举,3.0,1
2.0,6108,北车,,
2.0,6098,逆袭,,
2.0,6094,宏达,2.0, 
2.0,6089,首选,,
1.0,6089,条,,
2.0,6088,买房,,
2.0,6087,巨资,,
2.0,6086,方正,2.0, 
2.0,6084,导致,1.0,
2.0,6083,兑现,3.0,
4.0,6083,再创新高,3.0,1
2.0,6082,市民,,
2.0,6079,绝杀,,
2.0,6079,探底,,
2.0,6076,洛阳,,
2.0,6074,半数,,
2.0,6064,玄机,,
2.0,6062,七股,,
2.0,6055,回顾,,
3.0,6055,袁大头,,
2.0,6054,热电,2.0, 
2.0,6053,四股,,
2.0,6050,再创,3.0,1
2.0,6049,巨丰,,
2.0,6046,水利,2.0, 
2.0,6044,通用,2.0,
3.0,6034,零售业,,
2.0,6024,首份,2.0,
2.0,6023,力量,,
2.0,6009,腰斩,1.0,1.0
2.0,6006,耗资,2.0,4.0
2.0,5999,亿购,,
2.0,5999,现场,,
2.0,5998,高开,,
2.0,5986,天马,2.0,
2.0,5982,为主,,
2.0,5981,甘肃,,
2.0,5978,华菱,2.0,
4.0,5975,蓄势待发,,
3.0,5974,大规模,,
2.0,5970,瓶颈,1.0,
2.0,5968,费用,2.0,1.0
2.0,5964,古井,2.0, 
2.0,5962,补偿,3.0,
3.0,5953,商务部,,
3.0,5951,PVC,,
2.0,5944,悄然,,
2.0,5936,央视,,
2.0,5929,三峡,2.0,1
1.0,5925,剑,,
1.0,5923,带,,
2.0,5921,包钢,2.0, 
1.0,5916,胜,3.0,
2.0,5914,净赚,,
1.0,5913,北,2.0,
2.0,5912,外延,3.0,
2.0,5910,原料,2.0,1.0
1.0,5903,绿,,
2.0,5902,广阔,3.0, 
2.0,5902,特色,,
1.0,5899,造,2.0,
2.0,5885,铁建,,
2.0,5881,中百,,
2.0,5876,紫光,2.0,
2.0,5876,计提,2.0,1
2.0,5875,拟向,2.0,
2.0,5872,建成,,
2.0,5872,题材,,
2.0,5871,先锋,3.0,
3.0,5867,李克强,,
2.0,5864,大赛,,
2.0,5863,放开,,
2.0,5859,多只,,
2.0,5857,大唐,2.0,
3.0,5852,俄罗斯,,
2.0,5851,三维,3.0,1
2.0,5851,大通,2.0,
2.0,5847,新车,,
2.0,5846,沈阳,,
2.0,5843,操纵,2.0,4.0
2.0,5843,最低,,
2.0,5839,吸金,,
3.0,5837,巴菲特,,
2.0,5834,告别,,
2.0,5831,淡季,,
2.0,5830,就是,,
2.0,5828,到期,1.0,
2.0,5828,夏利,,
2.0,5827,出去,,
2.0,5827,额度,,
3.0,5825,摇钱树,,
2.0,5824,温州,,
2.0,5823,每股,2.0,3.0
2.0,5821,飞天,2.0,
2.0,5817,公众,,
2.0,5815,环球,,
2.0,5815,预降,2.0,1.0
2.0,5812,购物,,
1.0,5809,渝,2.0,
2.0,5800,拟购,3.0,4
2.0,5800,内容,,
1.0,5798,越,,
4.0,5798,龙头企业,3.0,1
2.0,5789,宣传,,
2.0,5787,申万,,
2.0,5786,安邦,,
4.0,5786,国家电网,2.0,国家电网
1.0,5783,恐,,
2.0,5775,年前,2.0,1
1.0,5773,死,,
2.0,5770,激光,2.0, 
3.0,5765,债转股,2.0,3
1.0,5760,英,2.0,
1.0,5759,佳,2.0,
2.0,5758,人员,,
2.0,5757,酒类,,
3.0,5757,老凤祥,,
2.0,5754,扩产,3.0,1.0
1.0,5754,重,,
2.0,5749,进程,2.0,4.0
2.0,5747,走弱,,
1.0,5745,台,,
2.0,5737,账款,2.0,1
2.0,5735,票房,,
2.0,5734,速度,,
2.0,5731,年末,,
2.0,5721,后续,2.0, 
3.0,5720,大金股,,
2.0,5719,服饰,2.0,1
2.0,5713,副总,,
2.0,5712,效果,,
2.0,5706,补涨,,
3.0,5706,中小板,2.0,3.0
2.0,5697,蓝海,,
2.0,5696,散户,,
2.0,5695,包装,2.0,
3.0,5693,博览会,,
2.0,5692,男子,,
2.0,5691,单位,,
2.0,5689,频繁,2.0,
2.0,5680,抢滩,,
1.0,5678,显,,
2.0,5673,或迎,,
2.0,5668,无人,,
1.0,5665,板,2.0,
2.0,5660,东华,,
1.0,5658,牌,,
2.0,5657,五矿,,
2.0,5655,不改,,
2.0,5643,东莞,,
2.0,5642,示范,,
2.0,5638,首钢,2.0, 
2.0,5630,有所,3.0,
2.0,5629,指涨,,
2.0,5616,罚款,1.0,1
3.0,5606,发布会,,
2.0,5603,定制,,
1.0,5601,找,,
2.0,5597,过半,2.0,
2.0,5596,法院,1.0,1
1.0,5595,同,,
2.0,5592,审批,,
2.0,5592,最快,,
2.0,5584,左右,2.0, 
3.0,5583,银行卡,,
2.0,5578,韩国,,
2.0,5576,中南,,
2.0,5574,配股,2.0,3.0
2.0,5573,航母,,
2.0,5570,小房,,
4.0,5560,阿里巴巴,,
2.0,5559,无锡,,
2.0,5556,诚信,,
2.0,5555,透露,,
2.0,5551,控人,2.0,
1.0,5545,辆,2.0,
2.0,5542,哪儿,,
2.0,5534,人士,,
2.0,5533,手游,,
2.0,5532,不变,,
2.0,5531,突出,,
2.0,5529,新药,3.0,2.0
2.0,5529,陆续,3.0,
2.0,5529,塑料,,
3.0,5527,两重天,,
2.0,5522,集成,2.0,
2.0,5518,油田,,
2.0,5517,云商,,
2.0,5516,一定,3.0,
1.0,5515,救,,
2.0,5513,这家,2.0,
3.0,5508,雅戈尔,2.0,
2.0,5507,出版,,
1.0,5506,身,,
4.0,5498,电动汽车,,
2.0,5497,潍柴,2.0,
2.0,5495,表示,,
2.0,5494,北汽,2.0,
2.0,5493,第三,,
2.0,5490,叠加,,
2.0,5489,版图,3.0,4.0
4.0,5484,化工行业,,
1.0,5483,处,,
2.0,5481,橡胶,,
2.0,5478,回复,2.0, 
3.0,5476,争夺战,,
2.0,5467,徐工,2.0, 
3.0,5466,白酒业,,
2.0,5464,动漫,2.0,1
4.0,5463,信息安全,,
2.0,5463,周年,,
2.0,5461,收费,,
2.0,5457,网友,,
2.0,5455,美股,,
2.0,5452,热潮,,
2.0,5448,三类,,
2.0,5445,养殖,2.0, 
1.0,5441,钢,,
2.0,5438,鼓励,,
2.0,5437,区间,,
3.0,5437,碧桂园,,
2.0,5432,几何,,
1.0,5429,跟,,
2.0,5429,期间,2.0,1
2.0,5428,认定,2.0,1
1.0,5421,冲,,
2.0,5420,这么,,
2.0,5420,毛利,2.0,1
2.0,5418,多空,,
2.0,5416,关口,,
3.0,5415,商用车,,
3.0,5410,信息化,,
2.0,5409,谴责,1.0,4
2.0,5406,加入,,
2.0,5404,整理,,
2.0,5404,期权,,
2.0,5399,大降,1.0,1.0
2.0,5396,十九,,
1.0,5391,纯,2.0,
2.0,5391,高达,,
2.0,5387,细则,,
3.0,5384,产业园,2.0,2
1.0,5381,拉,,
3.0,5380,同仁堂,2.0, 
2.0,5378,狂飙,,
2.0,5378,万方,2.0,
2.0,5378,限产,,
2.0,5376,珠宝,,
3.0,5374,企业家,,
1.0,5372,住,,
2.0,5367,精工,2.0, 
2.0,5365,触底,,
2.0,5360,泰禾,,
4.0,5359,食品饮料,,
2.0,5356,极度,,
2.0,5356,失守,,
2.0,5354,尴尬,,
2.0,5350,打印,,
1.0,5338,先,,
2.0,5334,公告,2.0,1
3.0,5327,蓝筹股,,
2.0,5325,陷入,,
2.0,5322,黑色,,
2.0,5318,测试,2.0, 
2.0,5312,借力,,
2.0,5308,押宝,3.0,4
2.0,5307,追踪,,
2.0,5294,静待,1.0,1
2.0,5291,清洁,2.0,
2.0,5288,隐现,,
2.0,5286,博会,,
4.0,5285,申银万国,,
4.0,5284,商业银行,,
2.0,5280,前瞻,,
2.0,5274,紧张,,
2.0,5274,居民,,
1.0,5273,众,,
2.0,5271,谈判,,
2.0,5268,深陷,1.0,
2.0,5262,评论,,
2.0,5259,大幕,,
2.0,5255,大地,,
3.0,5254,王健林,,
2.0,5254,行为,,
2.0,5251,高峰,,
2.0,5251,领衔,,
2.0,5249,配售,,
1.0,5248,层,,
2.0,5246,审查,1.0,4
2.0,5243,铜业,2.0,2.0
2.0,5242,利用,3.0,
2.0,5239,穿戴,,
2.0,5238,完美,,
1.0,5236,红,,
2.0,5229,缩量,,
2.0,5227,湘鄂,,
2.0,5225,宝能,,
2.0,5220,双十,,
2.0,5212,投放,,
1.0,5211,黑,,
2.0,5210,广场,,
2.0,5210,万福,2.0, 
3.0,5209,增长点,3.0,1
2.0,5209,股迎,,
2.0,5205,开市,,
2.0,5204,新年,,
2.0,5202,国金,,
2.0,5202,呈现,,
2.0,5202,动作,,
2.0,5198,排队,,
2.0,5191,深港,,
2.0,5189,PK,,
2.0,5189,天价,,
2.0,5188,国庆,,
2.0,5186,标杆,,
2.0,5186,无法,1.0,
2.0,5183,成果,,
2.0,5181,升至,,
2.0,5177,餐饮,,
3.0,5174,关联方,2.0,1
2.0,5174,增量,,
2.0,5172,破解,,
1.0,5164,七,,
4.0,5162,投资收益,2.0,3.0
1.0,5161,赌,,
2.0,5155,三元,2.0, 
2.0,5153,仍存,,
2.0,5152,曲线,,
2.0,5152,托运,,
2.0,5151,应收,3.0,1
3.0,5148,中医药,,
2.0,5147,协同,3.0,1
2.0,5146,观望,,
2.0,5142,不到,,
2.0,5141,考虑,,
2.0,5139,达到,3.0,1
2.0,5138,入驻,,
2.0,5136,普涨,,
2.0,5136,开闸,,
2.0,5132,深耕,3.0,4
2.0,5131,方面,2.0,
2.0,5124,王者,,
3.0,5120,路线图,,
2.0,5119,小微,,
2.0,5119,跌近,,
1.0,5115,提,,
1.0,5110,它,,
2.0,5105,生命,,
2.0,5104,赢家,,
2.0,5102,周末,,
2.0,5101,组建,,
2.0,5100,功能,,
2.0,5097,转增,,
1.0,5096,附,,
2.0,5095,来自,,
2.0,5092,广汇,,
2.0,5091,掀起,,
3.0,5089,价格战,,
2.0,5088,发文,,
2.0,5087,详解,,
1.0,5085,法,,
2.0,5080,做好,,
2.0,5076,维权,,
2.0,5070,频出,,
2.0,5068,时尚,,
4.0,5066,航空公司,,
2.0,5065,商标,2.0,2
2.0,5063,倒逼,,
1.0,5062,藏,,
2.0,5060,协会,,
2.0,5059,甩卖,2.0,
2.0,5056,化纤,2.0,2
3.0,5056,第三方,,
2.0,5055,中企,,
2.0,5054,落实,,
2.0,5053,八股,,
3.0,5050,GDP,,
3.0,5050,出厂价,2.0,
2.0,5047,引擎,,
2.0,5046,制定,,
2.0,5044,下属,2.0,4
2.0,5042,八大,,
2.0,5039,甲醇,,
2.0,5038,长园,2.0, 
2.0,5036,爆炸,,
2.0,5035,案例,,
2.0,5027,抢占,,
2.0,5025,真的,,
2.0,5020,指跌,,
2.0,5019,整治,,
4.0,5017,金融服务,,
2.0,5016,线下,,
2.0,5015,利增,,
2.0,5014,逾期,1.0,
2.0,5010,两股,,
1.0,5009,间,,
1.0,5005,刷,,
2.0,5004,待解,,
2.0,4996,怎样,,
2.0,4991,归来,,
1.0,4990,拍,,
2.0,4990,被查,,
4.0,4988,公司股票,2.0,3.0
2.0,4987,贡酒,2.0, 
2.0,4985,航班,,
3.0,4982,内蒙古,,
2.0,4978,份额,2.0,
2.0,4978,赔偿,1.0,
2.0,4976,资质,,
2.0,4975,晨鸣,2.0, 
3.0,4972,权重股,,
2.0,4970,呼吁,,
2.0,4970,备战,,
4.0,4968,第三季度,2.0,1.0
2.0,4968,神话,,
1.0,4967,事,,
1.0,4966,局,,
4.0,4962,黄金价格,,
2.0,4960,艰难,,
2.0,4959,豪赌,,
2.0,4955,商场,,
3.0,4954,证券化,,
2.0,4954,熊猫,,
2.0,4953,拉动,,
1.0,4951,社,,
3.0,4946,创始人,2.0,4
2.0,4945,自动,,
2.0,4943,外媒,,
2.0,4943,变数,,
1.0,4942,表,,
2.0,4940,参加,,
2.0,4939,欧盟,,
3.0,4939,四大行,,
2.0,4937,注意,,
2.0,4935,承认,,
2.0,4935,窗口,,
2.0,4935,综述,,
2.0,4935,售价,2.0,
2.0,4931,红旗,,
1.0,4930,神,2.0,
2.0,4926,涌入,,
2.0,4924,评价,2.0,
2.0,4923,燃油,,
2.0,4915,海润,,
1.0,4915,惹,,
2.0,4914,混合,,
2.0,4913,预警,,
2.0,4912,转换,2.0,1
2.0,4907,迅速,,
2.0,4906,国债,,
2.0,4906,上榜,,
2.0,4904,冰火,,
3.0,4904,触摸屏,2.0,2.0
2.0,4901,不减,,
2.0,4900,案件,,
2.0,4900,网站,,
2.0,4899,重机,2.0,2
2.0,4899,台湾,,
2.0,4898,买卖,,
1.0,4896,少,,
2.0,4894,白银,,
1.0,4890,东,,
2.0,4889,摘帽,3.0,
2.0,4884,表态,,
3.0,4881,换手率,,
2.0,4879,盛大,,
2.0,4877,榜单,,
4.0,4876,卷土重来,,
2.0,4875,早间,,
2.0,4874,中弘,,
1.0,4872,退,,
1.0,4872,停,,
1.0,4869,轮,,
2.0,4867,官方,,
2.0,4866,悬念,,
2.0,4864,永安,2.0,
2.0,4863,金风,2.0,
2.0,4862,公益,,
4.0,4860,QFII,,
2.0,4859,中超,2.0, 
2.0,4855,一起,,
2.0,4851,形势,,
2.0,4849,处置,1.0,1
2.0,4847,本土,,
2.0,4846,沥青,,
2.0,4846,海康,2.0,
2.0,4846,总部,2.0,4
3.0,4846,负债率,,
2.0,4844,开采,,
2.0,4844,不要,,
2.0,4842,人事,,
2.0,4841,进驻,,
2.0,4840,早评,,
2.0,4839,焦煤,,
2.0,4838,领导,,
2.0,4837,电工,2.0,
3.0,4836,汽车业,,
2.0,4833,迹象,,
2.0,4831,意外,,
3.0,4831,高质量,,
2.0,4828,福州,,
2.0,4828,网贷,,
2.0,4827,已有,2.0,
2.0,4827,中冶,,
2.0,4826,范围,,
2.0,4822,驾驶,,
2.0,4819,最好,,
2.0,4819,联想,,
2.0,4819,时候,,
2.0,4818,融创,,
2.0,4817,样本,,
3.0,4817,月销量,2.0,1
2.0,4815,IT,,
2.0,4809,防御,,
2.0,4806,或超,,
1.0,4806,德,2.0,
1.0,4805,刚,,
2.0,4803,延伸,2.0,
2.0,4796,究竟,,
2.0,4794,宇通,2.0, 
2.0,4793,宽松,,
2.0,4793,站上,,
2.0,4791,国民,2.0, 
2.0,4791,风格,,
2.0,4790,商用,2.0, 
4.0,4789,解决方案,2.0,
2.0,4785,院线,,
2.0,4785,至少,,
3.0,4784,金融股,,
2.0,4782,彰显,3.0,
3.0,4782,负增长,,
1.0,4780,长,,
1.0,4780,假,,
2.0,4779,圈地,,
2.0,4773,家庭,,
2.0,4773,考察,,
2.0,4773,缺口,,
2.0,4771,北上,2.0, 
2.0,4769,首款,3.0,2.0
2.0,4768,品质,,
2.0,4767,金科,,
2.0,4761,接连,,
2.0,4758,专访,,
1.0,4758,米,,
3.0,4757,营业部,,
2.0,4751,京城,,
2.0,4745,资格,,
1.0,4744,入,,
3.0,4735,资金面,,
1.0,4735,添,,
2.0,4732,激活,,
2.0,4731,降息,,
2.0,4730,康美,,
2.0,4726,同行,,
2.0,4725,储备,,
3.0,4725,黑龙江,,
2.0,4725,华丽,,
2.0,4725,大量,,
2.0,4724,逆转,,
2.0,4724,百强,,
2.0,4723,新建,3.0,
2.0,4721,胜利,2.0,
2.0,4720,宁夏,2.0,
2.0,4719,天下,,
2.0,4719,四年,,
2.0,4718,药物,2.0, 
2.0,4718,上游,2.0,4.0
2.0,4716,记者,,
3.0,4714,产业化,2.0,
2.0,4711,时机,,
2.0,4711,一场,,
4.0,4710,双汇发展,3.0,
2.0,4701,学习,,
2.0,4699,秘密,,
2.0,4694,一半,,
2.0,4694,爆炒,,
3.0,4682,煤化工,2.0,
1.0,4681,种,,
3.0,4679,私有化,,
2.0,4678,死亡,,
2.0,4676,演绎,,
1.0,4673,调,,
2.0,4671,对接,,
2.0,4668,量产,3.0,1
2.0,4667,天地,2.0,
2.0,4667,担忧,,
1.0,4665,雷,2.0,
2.0,4662,阅读,,
2.0,4662,冠军,,
4.0,4661,兖州煤业,,
2.0,4660,年来,,
2.0,4659,全力,,
1.0,4653,马,2.0,
1.0,4647,记,,
3.0,4646,爆发力,,
2.0,4645,一次,,
3.0,4643,一个月,,
3.0,4643,小天鹅,,
2.0,4643,淘汰,,
2.0,4639,起航,,
3.0,4639,孙宏斌,,
1.0,4633,情,,
2.0,4632,跻身,,
2.0,4628,坚守,,
2.0,4626,评选,,
2.0,4624,儿童,,
2.0,4622,焦炭,,
2.0,4621,富豪,,
2.0,4618,唯一,,
3.0,4614,公积金,,
2.0,4609,华能,2.0,
2.0,4607,组合,,
2.0,4605,受阻,,
2.0,4605,触及,2.0, 
2.0,4604,出席,,
3.0,4604,中间价,,
2.0,4602,舍得,2.0,4
2.0,4593,非法,,
2.0,4591,盐湖,,
2.0,4589,证书,2.0,
2.0,4588,高盛,,
2.0,4585,有人,,
2.0,4583,宝安,,
2.0,4583,责令,1.0,4
2.0,4582,双降,2.0,
2.0,4577,重返,,
4.0,4576,高新技术,,
2.0,4574,置换,2.0,
2.0,4567,首单,,
2.0,4566,安防,,
2.0,4566,指南,,
4.0,4561,呼之欲出,,
2.0,4560,活力,,
2.0,4560,电改,,
2.0,4557,申报,3.0,2
2.0,4556,部委,,
1.0,4554,省,,
2.0,4554,闲置,2.0,2.0
2.0,4554,谋求,,
2.0,4553,保壳,2.0,3
2.0,4546,精彩,,
2.0,4536,中铝,2.0,
2.0,4534,早报,,
2.0,4534,避险,,
2.0,4532,两日,,
2.0,4532,恒生,,
2.0,4525,烟台,2.0,
2.0,4524,华北,2.0,
3.0,4524,无人机,,
2.0,4522,说明,2.0,
2.0,4519,金服,,
2.0,4513,建仓,,
2.0,4508,比特,2.0,
2.0,4507,集运,,
2.0,4504,法国,,
2.0,4503,化解,,
2.0,4498,海上,,
2.0,4494,前行,,
2.0,4492,成效,3.0,1
2.0,4490,各地,,
2.0,4489,亮眼,,
2.0,4485,平仓,2.0,3
2.0,4484,建投,,
2.0,4484,闭眼,,
2.0,4483,公里,,
2.0,4481,调价,,
2.0,4481,大戏,,
2.0,4472,同方,2.0, 
3.0,4469,增值税,,
2.0,4468,太原,,
4.0,4466,货币政策,,
2.0,4464,传言,,
2.0,4463,贬值,,
2.0,4462,澳洲,,
1.0,4461,铅,,
2.0,4459,手表,,
2.0,4458,医保,2.0,
2.0,4457,主营,2.0,4
2.0,4456,现在,,
2.0,4455,收涨,,
2.0,4454,巴西,,
1.0,4454,农,,
2.0,4454,撤销,1.0,
2.0,4451,杀跌,,
2.0,4445,路上,,
2.0,4444,分拆,2.0,3
2.0,4443,中华,,
2.0,4443,浙商,,
2.0,4442,堪忧,,
2.0,4441,精华,3.0, 
2.0,4440,太阳,2.0, 
2.0,4440,拉开,,
2.0,4438,靓丽,,
2.0,4435,松绑,,
2.0,4434,中恒,2.0,
2.0,4433,量子,,
2.0,4433,现象,,
2.0,4432,双重,,
2.0,4430,一季,,
1.0,4427,急,,
2.0,4426,供货,2.0,1.0
2.0,4425,反击,,
2.0,4425,出行,,
2.0,4425,重塑,,
1.0,4424,招,,
2.0,4418,商行,,
2.0,4416,真正,,
1.0,4411,披,2.0,
1.0,4411,外,,
2.0,4410,沱牌,2.0,
2.0,4408,律师,,
2.0,4407,警方,,
2.0,4402,部署,,
2.0,4402,公路,,
1.0,4401,逆,,
2.0,4396,女性,,
2.0,4394,交行,,
1.0,4392,花,,
2.0,4392,蓝色,,
2.0,4385,炭素,2.0,
3.0,4379,新华社,,
3.0,4374,王老吉,2.0,
2.0,4370,股现,,
3.0,4370,纪念币,,
2.0,4368,辉煌,3.0, 
2.0,4367,暂时,,
2.0,4364,寻求,,
2.0,4363,当时,,
4.0,4363,四川长虹,2.0, 
2.0,4357,刷新,,
2.0,4357,切入,2.0,
2.0,4357,总局,,
2.0,4355,海顺,,
1.0,4354,改,,
2.0,4353,公寓,,
2.0,4353,覆盖,2.0,2.0
2.0,4352,吸引,,
2.0,4351,外汇,,
1.0,4351,暂,,
2.0,4348,工具,,
3.0,4346,BDI,,
2.0,4345,天猫,,
2.0,4336,创造,,
2.0,4332,节奏,,
2.0,4330,哪家,,
2.0,4326,输血,,
2.0,4325,大奖,,
2.0,4323,降幅,1.0,1
2.0,4320,平衡,,
1.0,4317,火,,
2.0,4316,罕见,,
2.0,4316,替代,2.0,
2.0,4314,操盘,,
2.0,4313,指导,,
2.0,4312,用地,,
4.0,4310,新闻资讯,,
2.0,4304,遇冷,,
2.0,4304,智通,,
2.0,4302,相对,,
1.0,4301,节,,
2.0,4298,CN,,
3.0,4298,母公司,2.0,4.0
3.0,4298,航运业,,
2.0,4298,二度,2.0,
3.0,4297,异动股,,
3.0,4291,特朗普,,
2.0,4289,期指,,
2.0,4286,共建,,
3.0,4286,生态圈,,
2.0,4284,何时,,
2.0,4284,再添,,
2.0,4281,不同,,
2.0,4281,上网,,
2.0,4280,寿险,,
2.0,4280,造车,,
1.0,4277,抓,,
2.0,4276,股成,,
2.0,4276,金亚,,
3.0,4275,大学生,,
2.0,4273,理性,,
1.0,4273,恒,,
2.0,4273,生科,2.0,
4.0,4273,电子刊物,,
2.0,4272,浮亏,1.0,1
2.0,4270,首现,,
2.0,4267,隐患,,
2.0,4267,出货,2.0,1
2.0,4267,华锐,,
4.0,4263,中集集团,2.0,
2.0,4262,坚定,,
2.0,4260,传播,,
2.0,4260,减值,1.0,1
1.0,4259,钒,,
2.0,4256,梦想,,
2.0,4253,局面,,
6.0,4252,iPhone,,
2.0,4251,普惠,,
2.0,4251,认为,,
2.0,4249,用友,,
2.0,4247,装置,2.0,2.0
2.0,4244,交付,3.0,4
2.0,4241,延长,,
2.0,4241,隧道,,
1.0,4240,查,,
2.0,4238,暴利,,
2.0,4238,任务,,
2.0,4236,长虹,2.0,
2.0,4235,搬迁,2.0,
2.0,4235,入围,,
2.0,4234,首创,,
3.0,4233,计算机,,
2.0,4232,一步,,
2.0,4230,南通,,
3.0,4230,中长期,,
2.0,4223,国旅,,
2.0,4219,玉米,,
2.0,4218,彩虹,2.0,
1.0,4217,圈,,
4.0,4217,生物医药,,
2.0,4217,打击,,
2.0,4215,成就,,
1.0,4215,狂,,
3.0,4214,支付宝,,
2.0,4214,IP,,
1.0,4213,矿,2.0,2
2.0,4211,那些,,
2.0,4211,晚间,,
3.0,4211,半年度,2.0,1.0
2.0,4211,联动,,
1.0,4209,龙,3.0,
2.0,4205,城投,,
2.0,4204,游客,,
4.0,4203,新兴产业,,
1.0,4202,半,,
2.0,4202,海马,2.0,
2.0,4202,振华,2.0, 
2.0,4201,清理,,
2.0,4200,网点,,
1.0,4199,顶,,
4.0,4197,高峰论坛,,
2.0,4196,举措,,
1.0,4194,您,,
2.0,4192,独董,2.0,4.0
2.0,4191,蓄势,,
4.0,4190,东风汽车,2.0, 
2.0,4184,探秘,,
2.0,4184,多久,,
2.0,4182,影业,,
2.0,4181,博士,,
2.0,4181,金龙,2.0, 
2.0,4181,沧州,2.0,
2.0,4169,加工,2.0,2.0
2.0,4169,疲软,,
2.0,4164,美丽,,
2.0,4163,财政,,
2.0,4163,宏源,,
2.0,4162,翻身,,
2.0,4157,出让,,
1.0,4156,别,,
2.0,4155,锂电,2.0,
2.0,4151,数控,2.0,
2.0,4149,拒绝,,
2.0,4148,华策,,
1.0,4147,反,,
2.0,4146,中银,2.0,3.0
4.0,4145,人民日报,,
1.0,4145,锂,2.0, 
2.0,4143,南宁,,
2.0,4139,预减,1.0,1
2.0,4139,合力,3.0, 
2.0,4139,万家,,
3.0,4138,黑天鹅,1.0,1
2.0,4138,诈骗,,
2.0,4137,积分,,
2.0,4135,首席,,
2.0,4133,换帅,2.0,4.0
1.0,4132,镍,,
2.0,4131,华联,,
2.0,4131,收跌,,
2.0,4130,检查,,
2.0,4129,一号,,
2.0,4126,终于,,
2.0,4126,监事,2.0,4.0
2.0,4125,精品,,
2.0,4124,分钟,,
2.0,4121,纪要,,
2.0,4118,保荐,,
2.0,4116,猛料,,
2.0,4116,时刻,,
3.0,4115,近三成,,
2.0,4113,接棒,,
2.0,4111,先行,,
2.0,4111,广药,2.0,
2.0,4109,浮盈,,
2.0,4106,浮出,,
2.0,4106,专注,2.0,
2.0,4105,印发,,
2.0,4102,泛海,,
2.0,4102,一批,,
4.0,4102,青岛海尔,2.0,
2.0,4101,力帆,2.0,
3.0,4101,快车道,,
2.0,4101,强者,,
1.0,4101,任,,
3.0,4100,APP,,
1.0,4100,鹏,,
2.0,4098,天龙,,
2.0,4097,名酒,,
2.0,4091,陈述,2.0,
2.0,4091,股可,,
2.0,4090,培育,,
2.0,4089,转变,,
3.0,4088,世界杯,,
2.0,4087,引进,3.0,2
2.0,4080,汉王,2.0,
2.0,4080,岭南,2.0,
1.0,4077,疯,,
2.0,4073,预约,,
2.0,4070,景区,,
2.0,4063,反对,,
4.0,4062,智能家居,,
2.0,4061,三四,,
2.0,4061,所持,2.0,3.0
2.0,4053,揭示,,
2.0,4053,威视,2.0,1
2.0,4049,四个,,
2.0,4042,江湖,,
4.0,4041,汽车产业,,
2.0,4039,财险,,
2.0,4039,卷入,,
2.0,4038,魔咒,,
2.0,4036,亚星,2.0,
2.0,4034,革命,,
2.0,4031,监测,,
2.0,4029,套利,,
1.0,4029,康,2.0,
1.0,4024,壳,,
2.0,4024,单日,,
2.0,4022,钢材,,
2.0,4019,欺诈,,
2.0,4019,本月,,
2.0,4017,上周,,
1.0,4016,额,,
2.0,4015,沃森,2.0,
2.0,4015,有效,,
1.0,4014,部,,
2.0,4010,提议,2.0,
2.0,4006,四维,,
2.0,4006,投顾,,
2.0,4005,专场,,
2.0,4004,虚增,1.0,1
2.0,4003,窄幅,,
2.0,3998,东软,,
2.0,3997,国安,,
1.0,3996,渐,,
2.0,3996,专题,,
2.0,3995,泰达,,
4.0,3994,汽车销量,2.0,1.0
2.0,3994,大国,,
2.0,3994,不可,,
1.0,3993,啦,,
1.0,3992,端,,
2.0,3990,蚂蚁,,
2.0,3986,职务,2.0,4
2.0,3983,被疑,,
2.0,3982,蔓延,,
2.0,3981,纪录,,
2.0,3979,合规,,
2.0,3978,受贿,,
2.0,3976,钨业,2.0,
2.0,3973,内蒙,2.0,
2.0,3971,加盟,,
2.0,3970,中化,2.0,
2.0,3970,首开,,
2.0,3969,空头,,
2.0,3967,护航,,
4.0,3967,借壳上市,,
3.0,3966,时间表,,
2.0,3964,看看,,
2.0,3963,办理,,
1.0,3963,疑,,
3.0,3962,禽流感,,
2.0,3962,并非,,
2.0,3961,涪陵,2.0, 
3.0,3958,地产商,,
2.0,3957,武商,,
3.0,3955,高新区,,
2.0,3954,作为,,
1.0,3952,制,,
2.0,3952,荣盛,,
4.0,3944,房地产业,,
2.0,3942,校园,,
2.0,3938,停止,,
2.0,3938,生存,,
2.0,3938,通化,2.0, 
2.0,3936,淘金,,
1.0,3936,钴,,
2.0,3936,弹性,,
2.0,3933,牧业,,
4.0,3931,中小企业,,
2.0,3930,重估,,
2.0,3929,超越,,
2.0,3929,狂欢,,
2.0,3928,焦化,2.0,2
3.0,3928,国产化,,
2.0,3927,贵阳,,
3.0,3926,金融业,,
2.0,3925,宏观,,
2.0,3925,电梯,2.0,
1.0,3924,居,,
2.0,3923,主导,,
2.0,3919,减仓,,
2.0,3917,实践,,
2.0,3916,三安,2.0, 
2.0,3916,晨会,,
2.0,3916,华西,2.0,
2.0,3914,宽带,,
2.0,3912,线上,,
2.0,3906,总理,,
4.0,3905,一触即发,,
2.0,3901,大额,2.0,3
2.0,3900,吸收,2.0,3.0
2.0,3898,欣泰,,
1.0,3898,加,,
2.0,3898,陷阱,,
2.0,3896,产生,2.0,
2.0,3891,变局,,
4.0,3891,家电行业,,
2.0,3887,江铃,2.0,
2.0,3887,排行,,
2.0,3882,强调,,
2.0,3881,青年,,
3.0,3881,阳光城,,
2.0,3879,关闭,,
3.0,3878,古钱币,,
2.0,3878,面积,,
2.0,3878,迎接,,
4.0,3877,改革开放,,
4.0,3874,机械行业,,
2.0,3874,落空,,
2.0,3873,人气,,
2.0,3872,火热,,
2.0,3872,购房,,
3.0,3871,保险业,,
2.0,3871,孩子,,
2.0,3870,投向,,
2.0,3870,知识,,
4.0,3869,购物中心,,
2.0,3869,托管,,
1.0,3868,杀,,
2.0,3868,临停,,
2.0,3868,康得,,
2.0,3867,大巴,,
2.0,3867,一月,,
2.0,3865,知名,,
2.0,3865,均价,,
2.0,3862,回报,,
2.0,3861,天天,,
2.0,3861,兑付,,
2.0,3861,建工,,
7.0,3859,郑州商品交易所,,
2.0,3854,幕后,,
2.0,3853,地价,,
2.0,3852,试验,,
3.0,3851,反垄断,,
2.0,3851,庞大,,
1.0,3850,减,,
2.0,3849,筹建,,
2.0,3849,难改,,
4.0,3849,稳定增长,3.0,1
2.0,3849,大胆,,
2.0,3848,激烈,,
2.0,3848,当前,,
1.0,3847,谱,,
2.0,3847,柴油,,
2.0,3846,两倍,3.0,1
2.0,3845,首度,,
3.0,3844,俱乐部,,
2.0,3842,意在,,
2.0,3842,中环,2.0,
3.0,3842,阶段性,,
2.0,3842,永磁,,
2.0,3841,反攻,,
2.0,3838,撬动,,
3.0,3836,新电改,,
2.0,3835,特征,,
2.0,3835,康佳,2.0,
4.0,3834,工商银行,,
1.0,3834,套,,
2.0,3834,降至,,
3.0,3833,黄金周,,
3.0,3828,元器件,,
2.0,3820,银川,,
2.0,3817,专栏,,
2.0,3816,初现,,
2.0,3816,大华,2.0,
2.0,3814,他们,,
2.0,3814,许家,,
2.0,3812,昆仑,,
2.0,3812,亟待,,
3.0,3811,迪士尼,,
2.0,3810,委员,,
3.0,3809,市盈率,,
2.0,3808,遇阻,,
2.0,3806,力争,3.0,1
2.0,3804,改制,,
2.0,3803,特别,,
2.0,3803,作价,2.0,3
2.0,3800,多方,,
2.0,3799,或现,,
2.0,3798,昌九,,
4.0,3797,大盘走势,,
1.0,3795,利,,
2.0,3792,福特,2.0,
2.0,3790,焦作,2.0,1.0
2.0,3790,三股,,
2.0,3790,人民,,
2.0,3789,出任,,
3.0,3789,集中度,,
2.0,3788,太保,,
2.0,3785,丽江,,
1.0,3784,孙,2.0,
1.0,3783,管,,
2.0,3783,科达,2.0,
3.0,3783,成交额,2.0,3.0
3.0,3783,可能性,,
2.0,3781,这里,,
2.0,3780,收获,,
2.0,3780,种子,2.0, 
2.0,3779,中介,,
2.0,3775,深入,,
3.0,3775,中药材,,
2.0,3774,疑似,,
2.0,3772,印刷,,
2.0,3772,细节,,
2.0,3772,接手,,
2.0,3772,三联,,
2.0,3771,节前,,
4.0,3767,山西汾酒,2.0, 
1.0,3766,山,,
2.0,3765,收回,2.0,4
2.0,3765,大考,,
1.0,3764,主,,
2.0,3763,水源,,
1.0,3762,须,,
2.0,3760,告吹,1.0,4.0
2.0,3758,买家,,
3.0,3758,催化剂,,
2.0,3757,东旭,2.0, 
1.0,3756,风,,
4.0,3756,中金公司,,
4.0,3756,最新动向,,
2.0,3755,奥运,,
1.0,3754,拼,,
2.0,3752,农机,,
2.0,3752,莱茵,2.0,
2.0,3751,获益,,
2.0,3750,胶囊,2.0,
2.0,3750,科伦,2.0, 
2.0,3749,民间,,
2.0,3749,水面,,
2.0,3748,撤离,,
1.0,3747,秒,,
2.0,3738,投诉,,
2.0,3738,浦东,,
2.0,3737,提醒,,
2.0,3736,我市,,
2.0,3734,公交,,
2.0,3733,骤降,,
2.0,3732,或是,,
1.0,3731,税,,
1.0,3730,印,,
4.0,3721,市场份额,,
1.0,3721,袭,,
2.0,3720,收缩,,
2.0,3720,双汇,2.0,
2.0,3718,顶级,,
1.0,3717,办,,
2.0,3715,光学,2.0, 
2.0,3713,便宜,,
2.0,3713,过度,,
2.0,3712,反腐,,
2.0,3712,足球,,
2.0,3710,主因,,
1.0,3709,请,,
2.0,3708,宝马,,
2.0,3705,时隔,,
1.0,3705,篇,,
2.0,3705,两桶,,
4.0,3704,燕京啤酒,2.0,
2.0,3704,买点,,
2.0,3703,折价,2.0,3.0
2.0,3703,具有,2.0, 
2.0,3702,热议,,
2.0,3699,来源,,
2.0,3699,收窄,,
2.0,3698,同时,,
2.0,3698,道路,,
3.0,3697,关键词,,
2.0,3697,红线,,
1.0,3697,厂,,
2.0,3696,接任,,
2.0,3695,地王,,
2.0,3694,依赖,,
1.0,3693,脸,,
2.0,3693,三日,,
2.0,3691,天业,2.0,
3.0,3691,白马股,3.0,
2.0,3689,非洲,2.0,
1.0,3689,锗,,
2.0,3688,人拟,2.0, 
2.0,3688,转移,,
2.0,3685,国药,,
2.0,3684,中止,,
1.0,3684,险,,
4.0,3682,持续增长,3.0,1.0
2.0,3681,年会,,
2.0,3679,对话,,
2.0,3679,春季,,
1.0,3678,差,,
2.0,3678,杀入,,
2.0,3673,否决,,
2.0,3672,受伤,,
2.0,3671,批量,3.0,
4.0,3670,STCN,,
3.0,3669,新机遇,,
2.0,3669,思路,,
4.0,3668,公司债券,2.0,3
2.0,3668,态度,,
2.0,3665,首例,,
2.0,3665,生猪,2.0,1
2.0,3665,渐近,,
2.0,3664,美邦,2.0,
4.0,3660,华大基因,,
2.0,3657,北大,2.0,
2.0,3657,放松,,
1.0,3656,搞,,
2.0,3655,承销,,
2.0,3655,解密,,
2.0,3654,皇台,,
2.0,3650,满仓,,
2.0,3649,净值,,
2.0,3645,沪市,,
2.0,3645,中核,2.0,
2.0,3644,委托,2.0,4.0
3.0,3643,怎么办,,
2.0,3643,滴滴,,
4.0,3641,冀东水泥,2.0,1
1.0,3640,斥,,
2.0,3639,妖股,,
1.0,3638,邦,,
1.0,3638,苗,,
1.0,3637,折,,
4.0,3634,电子商务,,
3.0,3632,下周一,,
1.0,3631,届,,
2.0,3631,高校,,
3.0,3627,净流入,3.0,1
2.0,3627,审计,1.0,1
2.0,3626,之一,2.0,
2.0,3626,落马,,
2.0,3623,瑞银,,
2.0,3623,报喜,,
2.0,3623,隆基,,
2.0,3622,网宿,,
4.0,3620,交通银行,,
2.0,3620,廊坊,,
2.0,3618,拥抱,,
2.0,3617,还要,,
2.0,3617,烽火,2.0, 
2.0,3617,收储,,
4.0,3614,浦发银行,,
2.0,3613,商城,,
2.0,3613,难以,,
2.0,3612,落后,,
2.0,3610,造成,1.0,1
2.0,3609,铁塔,2.0,
2.0,3609,彩票,,
2.0,3604,乡村,,
2.0,3603,金隅,2.0,
2.0,3602,精机,2.0,2
2.0,3602,仪式,,
2.0,3602,光标,,
2.0,3600,四家,,
2.0,3597,场景,,
3.0,3595,中关村,2.0,
2.0,3593,盘整,,
2.0,3591,推手,,
2.0,3591,入场,,
2.0,3590,减排,,
4.0,3589,银河证券,,
2.0,3586,限价,,
2.0,3582,做空,,
2.0,3580,优秀,,
2.0,3580,授信,,
3.0,3576,原料药,2.0,2.0
1.0,3571,爆,,
1.0,3570,短,,
2.0,3568,不佳,,
2.0,3565,最强,,
2.0,3564,先进,,
2.0,3564,规定,,
2.0,3563,野蛮,,
1.0,3560,么,,
2.0,3560,发放,,
2.0,3558,谷歌,,
2.0,3556,均线,,
2.0,3556,告诉,,
2.0,3556,淘宝,,
2.0,3554,猛增,,
2.0,3552,边际,,
2.0,3552,惊现,,
3.0,3551,融资券,2.0,3
1.0,3551,挺,,
2.0,3551,征程,,
2.0,3550,才能,,
1.0,3550,售,,
4.0,3550,电子行业,,
2.0,3547,吉祥,2.0, 
2.0,3541,过去,,
2.0,3540,山水,2.0,
2.0,3539,一城,,
3.0,3539,PTA,,
2.0,3537,增值,,
2.0,3534,高企,,
2.0,3534,轴承,2.0, 
2.0,3533,亿建,2.0,
1.0,3533,呈,,
3.0,3533,李嘉诚,,
1.0,3532,轻,,
4.0,3530,业内人士,,
2.0,3529,南昌,,
2.0,3528,完毕,2.0, 
2.0,3527,司法,2.0,4.0
2.0,3525,新版,,
2.0,3524,消化,,
2.0,3523,氨纶,2.0,2.0
2.0,3522,必须,,
2.0,3522,批次,,
1.0,3521,贵,,
1.0,3520,包,,
2.0,3520,大关,,
2.0,3520,机床,,
2.0,3519,蹊跷,,
2.0,3519,直销,,
2.0,3518,效益,,
2.0,3518,防范,,
2.0,3517,业态,,
2.0,3516,管业,2.0,
3.0,3515,华侨城,,
1.0,3514,斯,2.0,
2.0,3514,猪肉,,
2.0,3514,泄露,,
3.0,3511,新华联,,
1.0,3511,底,,
1.0,3511,吧,,
2.0,3510,出击,,
3.0,3509,石家庄,,
2.0,3508,高点,,
2.0,3507,明天,,
2.0,3501,豪宅,,
2.0,3498,程序,,
1.0,3496,费,,
2.0,3496,敲定,,
1.0,3494,欧,2.0, 
2.0,3493,惨淡,,
2.0,3493,元宝,,
2.0,3492,小镇,,
3.0,3491,富士康,,
1.0,3490,防,,
4.0,3487,工程项目,,
2.0,3484,垃圾,,
2.0,3481,两次,,
2.0,3481,推迟,,
2.0,3481,微软,,
2.0,3480,博元,,
2.0,3478,浮现,,
4.0,3477,动力电池,2.0,2
2.0,3477,奇瑞,,
2.0,3476,天齐,2.0,
3.0,3476,葡萄酒,,
2.0,3473,交流,,
2.0,3471,夯实,,
2.0,3470,排放,,
2.0,3470,总体,,
2.0,3469,不如,,
2.0,3469,三网,,
2.0,3467,疫情,1.0,1
2.0,3467,商家,,
2.0,3465,侵权,,
2.0,3464,圆满,,
1.0,3464,手,,
2.0,3463,攀钢,,
2.0,3463,受挫,,
2.0,3462,中山,,
2.0,3462,招股,,
2.0,3462,入局,,
2.0,3462,暂无,1.0, 
2.0,3461,精化,,
2.0,3459,长航,,
2.0,3459,划转,2.0,4.0
2.0,3459,破局,,
2.0,3457,起舞,,
1.0,3457,唱,,
2.0,3456,攻略,,
4.0,3455,主营业务,2.0,1.0
2.0,3455,认可,,
3.0,3455,全聚德,,
1.0,3454,帮,,
2.0,3454,同步,,
2.0,3453,东宝,2.0,
2.0,3452,双轮,,
2.0,3452,眼科,,
2.0,3449,君正,2.0,
2.0,3449,海口,,
4.0,3448,产品价格,2.0,1.0
4.0,3448,电力设备,,
2.0,3448,背景,,
2.0,3446,昔日,2.0,
2.0,3446,商机,,
2.0,3441,亿吨,,
2.0,3440,掌趣,,
2.0,3440,复制,,
2.0,3439,京沪,,
1.0,3437,本,,
2.0,3436,联创,2.0,
2.0,3436,悲观,,
2.0,3434,华远,,
2.0,3433,电厂,,
3.0,3430,LNG,,
2.0,3428,提出,,
2.0,3428,疑云,,
2.0,3427,竞购,,
1.0,3426,坐,,
1.0,3425,翻,,
3.0,3422,优先股,,
2.0,3422,银星,2.0,
2.0,3422,就业,,
2.0,3418,光绪,,
2.0,3418,百年,,
2.0,3417,被判,,
4.0,3416,大唐电信,,
2.0,3415,万金,,
2.0,3414,农牧,,
2.0,3413,高效,,
2.0,3411,消失,,
3.0,3411,服务商,,
2.0,3405,搁浅,,
2.0,3404,个别,,
2.0,3404,存量,,
3.0,3403,价齐升,,
1.0,3402,易,,
2.0,3401,达标,,
2.0,3400,理由,,
2.0,3400,看涨,,
2.0,3398,证实,,
3.0,3398,股大涨,,
3.0,3397,新一代,,
2.0,3396,港通,,
2.0,3396,车辆,,
2.0,3396,激进,,
3.0,3396,财政部,,
3.0,3395,限制性,1.0,4.0
2.0,3394,强制,,
2.0,3390,潜在,,
2.0,3389,股早,,
1.0,3389,青,2.0, 
3.0,3387,太平洋,,
2.0,3386,监控,,
2.0,3386,民族,,
3.0,3384,确定性,,
4.0,3381,在线教育,,
2.0,3381,恒强,,
2.0,3380,彩电,,
2.0,3377,维度,,
3.0,3377,越来越,,
3.0,3376,时刻表,,
4.0,3373,利益输送,,
2.0,3372,人均,,
2.0,3372,留意,,
2.0,3370,创意,,
2.0,3370,赋能,,
3.0,3370,国家级,,
2.0,3368,波及,,
1.0,3366,竟,,
2.0,3366,安凯,2.0,
2.0,3365,清算,,
2.0,3364,启幕,,
2.0,3363,相继,,
2.0,3363,大陆,,
2.0,3362,洼地,,
2.0,3361,退休,,
2.0,3361,有意,,
2.0,3360,流程,,
2.0,3356,郁亮,,
2.0,3355,接力,,
2.0,3350,年产,2.0,1.0
2.0,3349,所有,,
2.0,3349,违纪,,
2.0,3349,反复,,
1.0,3349,游,,
2.0,3348,到位,,
2.0,3348,激发,,
2.0,3347,权重,,
2.0,3345,势头,,
2.0,3344,分类,,
2.0,3344,短板,,
2.0,3343,决议,3.0,4
2.0,3340,确保,,
1.0,3339,搭,,
2.0,3338,乏力,,
2.0,3338,新宠,,
2.0,3336,税收,,
2.0,3336,金马,2.0,
1.0,3335,口,,
2.0,3333,永泰,2.0,
2.0,3332,幅度,,
3.0,3332,金九银,,
2.0,3332,多元,,
2.0,3329,转机,,
1.0,3329,论,,
2.0,3328,失联,,
2.0,3327,统一,,
2.0,3327,传奇,,
2.0,3325,机票,,
3.0,3322,原材料,2.0,2.0
1.0,3320,按,,
2.0,3320,尿素,,
2.0,3320,斩获,,
2.0,3319,重构,,
2.0,3318,汽油,,
2.0,3318,已成,,
2.0,3317,西北,,
2.0,3316,九鼎,,
2.0,3314,上门,,
1.0,3312,躺,,
2.0,3309,汤臣,2.0,
2.0,3308,受累,,
2.0,3306,培训,,
2.0,3306,规则,,
2.0,3305,困难,,
2.0,3304,诊断,,
2.0,3303,私人,,
2.0,3302,想象,,
2.0,3301,国泰,,
2.0,3300,炼油,,
2.0,3300,被套,,
2.0,3299,已超,,
2.0,3298,锦江,,
3.0,3297,服务业,,
1.0,3296,李,,
2.0,3296,成飞,2.0, 
1.0,3296,完,,
2.0,3295,增厚,3.0,1
2.0,3294,长信,2.0,
2.0,3293,互金,,
2.0,3291,起来,,
3.0,3289,加拿大,,
3.0,3288,大手笔,,
2.0,3288,身家,,
2.0,3286,榜首,,
1.0,3286,宗,,
3.0,3284,千亿元,,
2.0,3284,流量,,
2.0,3282,市长,,
4.0,3282,国电电力,2.0, 
2.0,3282,职工,,
3.0,3282,金融街,,
2.0,3281,登场,,
3.0,3280,预增超,3.0,1
2.0,3279,绩优,,
2.0,3279,天山,2.0,
2.0,3279,华天,,
1.0,3277,体,,
1.0,3276,客,,
2.0,3275,合约,,
2.0,3275,求生,,
4.0,3273,东方航空,,
2.0,3272,军民,,
1.0,3270,懂,,
2.0,3268,不用,,
2.0,3267,收复,,
2.0,3267,筹资,,
2.0,3267,现实,,
2.0,3266,高度,,
2.0,3266,争相,,
2.0,3266,重申,,
2.0,3265,东南,2.0,
2.0,3265,铜陵,2.0, 
2.0,3262,绝对,,
2.0,3260,头条,,
3.0,3258,嘉凯城,,
2.0,3258,职业,,
2.0,3257,华星,2.0,
1.0,3256,玻,2.0,
2.0,3256,两融,,
2.0,3256,万人,,
2.0,3253,对象,,
2.0,3251,简称,2.0,
2.0,3250,运通,2.0,
2.0,3249,二级,,
2.0,3249,汇金,,
2.0,3248,林业,,
1.0,3248,党,,
3.0,3244,华科技,2.0,
2.0,3243,确立,,
2.0,3240,百灵,2.0, 
2.0,3238,紫鑫,2.0, 
2.0,3238,宁德,2.0, 
2.0,3238,过冬,,
2.0,3238,压缩,,
2.0,3237,点名,,
2.0,3237,同意,,
2.0,3237,仓位,,
2.0,3234,押金,,
2.0,3233,一倍,,
1.0,3233,阿,,
3.0,3232,GMP,,
2.0,3231,张裕,2.0,
2.0,3230,有待,,
2.0,3230,转战,,
1.0,3229,骗,,
2.0,3229,主体,,
2.0,3229,双方,,
2.0,3227,关停,,
1.0,3226,九,,
2.0,3225,奖励,,
3.0,3225,股东会,2.0,4.0
2.0,3223,招保,,
1.0,3221,频,,
2.0,3219,外贸,,
2.0,3219,不及,,
2.0,3216,乌龙,,
2.0,3212,及时,3.0,
4.0,3212,武钢股份,,
2.0,3212,颓势,,
2.0,3211,开出,,
4.0,3208,光大银行,,
3.0,3208,研究院,2.0, 
3.0,3208,哈尔滨,,
2.0,3207,大力,,
2.0,3205,大学,,
2.0,3205,下乡,,
2.0,3203,时期,,
3.0,3202,负责人,,
4.0,3201,欢迎光临,,
1.0,3200,倒,,
3.0,3199,CDR,,
2.0,3199,国外,,
2.0,3199,储能,,
3.0,3198,窗口期,,
4.0,3197,何去何从,,
2.0,3197,止跌,,
3.0,3196,电解铝,,
2.0,3196,股将,,
2.0,3195,前十,,
1.0,3195,仓,,
2.0,3194,首付,,
4.0,3192,保险公司,,
2.0,3191,百家,,
1.0,3191,科,,
2.0,3190,关税,,
3.0,3186,加油站,,
4.0,3186,副董事长,2.0,4.0
1.0,3186,终,,
2.0,3184,大庆,,
4.0,3183,电广传媒,,
2.0,3182,每年,,
3.0,3179,成长性,,
2.0,3178,牛散,,
2.0,3178,旅客,,
2.0,3175,腾达,2.0,
2.0,3173,更新,,
2.0,3172,特变,2.0,
2.0,3172,桂林,,
2.0,3172,求证,2.0,
2.0,3171,华海,2.0,
3.0,3171,重仓股,,
2.0,3169,应该,,
2.0,3168,结算,,
2.0,3168,仍然,,
2.0,3167,金控,,
2.0,3165,借势,,
4.0,3162,第一季度,2.0,1
2.0,3162,恐慌,,
2.0,3162,烟囱,,
2.0,3160,破冰,,
2.0,3160,升势,,
2.0,3160,自查,,
2.0,3159,间接,2.0, 
2.0,3157,热门,,
2.0,3153,跨越,,
2.0,3152,福利,,
2.0,3152,学生,,
1.0,3152,碧,,
2.0,3150,初显,,
4.0,3149,轨道交通,,
2.0,3146,招聘,,
2.0,3145,连发,,
2.0,3139,入口,,
2.0,3137,司机,,
2.0,3134,脱贫,,
3.0,3134,过山车,,
2.0,3133,重重,,
3.0,3133,委员会,,
3.0,3132,养老金,,
2.0,3131,突击,,
1.0,3130,川,2.0, 
2.0,3128,并举,,
4.0,3128,建材行业,,
2.0,3126,跟风,,
2.0,3125,文明,,
2.0,3124,利息,,
2.0,3123,避免,,
2.0,3122,附属,,
2.0,3122,两项,,
3.0,3121,天津港,,
3.0,3120,王府井,,
2.0,3120,双雄,,
2.0,3117,增利,3.0,1
2.0,3117,已达,,
2.0,3115,热度,,
2.0,3115,难言,,
2.0,3111,强力,,
2.0,3111,两地,,
2.0,3110,一期,2.0,1
2.0,3110,达尔,2.0,
2.0,3110,马钢,2.0,
2.0,3107,再迎,,
2.0,3107,只有,,
1.0,3104,话,,
2.0,3104,迈向,,
2.0,3102,押注,,
2.0,3100,未获,,
2.0,3099,奥飞,2.0,
2.0,3098,闯关,,
1.0,3097,健,2.0,
3.0,3097,合伙人,,
2.0,3094,高于,,
2.0,3094,下午,,
1.0,3092,奥,,
1.0,3090,逼,,
3.0,3089,财经网,,
3.0,3087,变压器,,
2.0,3086,整顿,,
2.0,3084,南风,2.0, 
2.0,3083,下线,,
2.0,3083,行长,,
1.0,3083,实,,
2.0,3078,铺路,,
2.0,3076,常州,,
2.0,3075,万通,,
2.0,3070,声音,,
2.0,3070,最牛,,
2.0,3069,老大,,
2.0,3069,分期,,
2.0,3068,谨防,,
2.0,3067,多股,,
2.0,3067,发射,,
2.0,3066,席位,2.0, 
1.0,3065,霾,,
4.0,3061,行政处罚,1.0,4.0
1.0,3060,像,,
3.0,3060,第三季,,
2.0,3059,爱尔,,
2.0,3057,钢琴,,
4.0,3057,临床试验,2.0,1
3.0,3056,投资人,,
4.0,3056,房地产股,,
2.0,3055,撤回,,
2.0,3054,底价,,
2.0,3053,涨跌,,
2.0,3052,火箭,,
2.0,3050,松动,,
2.0,3050,记录,,
2.0,3050,出租,,
1.0,3048,碳,,
1.0,3047,服,,
2.0,3047,快评,,
2.0,3046,远超,,
1.0,3045,块,,
1.0,3040,如,,
2.0,3040,代理,,
2.0,3039,三九,2.0,
4.0,3039,证券日报,,
2.0,3037,华帝,2.0,
1.0,3036,干,,
2.0,3035,交割,,
2.0,3034,透视,,
3.0,3033,康恩贝,2.0,
2.0,3033,面板,2.0,
2.0,3033,意向,2.0,
2.0,3032,百大,,
2.0,3032,发车,,
1.0,3031,兆,2.0,1
2.0,3030,数码,,
2.0,3028,光环,,
2.0,3028,同洲,,
2.0,3025,一大,,
2.0,3023,九阳,2.0,
1.0,3022,补,,
2.0,3021,铜价,,
2.0,3021,二期,2.0,1
2.0,3021,修正,2.0,
2.0,3020,万里,2.0,
3.0,3020,数字化,,
3.0,3019,天士力,2.0,
2.0,3018,华兰,2.0, 
2.0,3018,内外,,
2.0,3017,滨江,,
3.0,3017,亿大单,,
2.0,3016,转债,2.0,3
2.0,3014,状态,,
2.0,3009,及其,2.0, 
1.0,3009,权,,
2.0,3008,消防,,
2.0,3006,爱康,2.0,
3.0,3005,利润率,,
3.0,3005,实验室,,
2.0,3004,微增,,
2.0,3003,雏鹰,,
2.0,3002,两月,,
2.0,3002,雷军,,
3.0,3002,发审委,,
3.0,3001,洗衣机,,
3.0,3001,反倾销,,
2.0,2998,航企,,
2.0,2997,金城,2.0,
2.0,2997,重视,,
2.0,2997,审议,,
2.0,2996,研制,,
2.0,2995,成新,,
2.0,2994,分级,,
2.0,2994,无限,,
2.0,2993,工资,,
2.0,2992,中秋,,
2.0,2991,跌势,,
2.0,2990,叶檀,,
2.0,2990,债权,2.0,3.0
2.0,2988,路线,,
2.0,2988,总统,,
2.0,2988,钢厂,,
2.0,2988,滑坡,,
2.0,2987,初步,,
8.0,2987,dzcjwcom,,
2.0,2987,投票,,
2.0,2986,女子,,
2.0,2984,三聚,2.0,
2.0,2984,安泰,2.0, 
2.0,2982,闪崩,1.0,3.0
2.0,2982,南洋,,
1.0,2981,尚,,
2.0,2980,一日,,
2.0,2979,频发,,
2.0,2979,三月,,
3.0,2978,第二届,,
2.0,2977,能量,,
2.0,2977,戴帽,,
2.0,2976,董监,2.0,4
2.0,2976,主任,,
2.0,2976,维修,,
2.0,2974,千里,,
2.0,2974,电建,,
2.0,2972,机器,,
2.0,2972,真实,,
2.0,2972,连板,2.0, 
2.0,2971,享受,,
1.0,2969,寻,,
2.0,2968,拥有,,
2.0,2968,身价,,
2.0,2968,倒挂,,
2.0,2967,因子,,
2.0,2967,欧美,,
2.0,2965,折戟,,
1.0,2961,享,,
2.0,2960,再下,,
2.0,2960,搭建,,
2.0,2959,行贿,,
2.0,2958,推高,,
2.0,2958,难解,,
3.0,2957,片仔癀,2.0,
2.0,2956,违反,,
1.0,2956,件,,
2.0,2955,低谷,,
1.0,2954,久,,
2.0,2952,股领,,
2.0,2951,现状,,
2.0,2950,思维,,
2.0,2950,起飞,,
2.0,2950,会见,,
2.0,2949,批文,1.0,
2.0,2948,恒信,,
1.0,2948,鄂,,
2.0,2948,被迫,,
2.0,2947,终极,,
2.0,2946,吹响,,
2.0,2946,七大,,
1.0,2946,列,,
2.0,2945,隐瞒,,
2.0,2945,报名,,
3.0,2943,美尔雅,,
2.0,2943,格林,,
2.0,2943,干部,,
2.0,2942,惊人,,
2.0,2942,攻坚,,
2.0,2940,优先,,
2.0,2940,颠覆,,
3.0,2940,港交所,,
2.0,2940,租房,,
2.0,2939,三七,,
4.0,2938,智能手机,,
4.0,2937,不确定性,,
2.0,2937,介绍,,
2.0,2936,长租,,
2.0,2936,三天,,
1.0,2936,联,,
2.0,2935,隆平,,
2.0,2934,超额,,
2.0,2934,印尼,,
4.0,2933,金融市场,,
2.0,2932,偿债,,
2.0,2932,离场,,
2.0,2932,全通,,
2.0,2930,螳螂,,
2.0,2929,自营,,
2.0,2929,十月,,
2.0,2928,卧龙,,
3.0,2928,环保部,,
2.0,2927,银联,,
2.0,2927,两天,,
4.0,2926,民营企业,,
2.0,2926,上位,,
2.0,2926,上证,,
2.0,2925,九洲,2.0,
2.0,2923,青松,2.0,
2.0,2923,最严,,
3.0,2922,研讨会,,
1.0,2920,笔,2.0,
2.0,2919,展示,,
2.0,2917,谋划,,
2.0,2917,权威,,
4.0,2917,财务总监,2.0,1
4.0,2915,文化产业,,
2.0,2913,首条,,
2.0,2912,湖中,,
3.0,2910,不增利,,
2.0,2909,共识,,
2.0,2909,涉案,,
2.0,2908,风能,2.0, 
2.0,2908,会否,,
2.0,2906,创近,,
2.0,2905,身份,,
2.0,2903,两类,,
2.0,2901,设施,,
3.0,2899,宝能系,,
2.0,2899,中投,,
2.0,2898,任性,,
3.0,2897,下半场,,
2.0,2896,授权,,
2.0,2896,民爆,2.0,2.0
2.0,2894,华中,,
2.0,2894,进场,,
2.0,2893,缺乏,,
2.0,2893,治疗,3.0, 
2.0,2891,打通,,
2.0,2890,黄河,2.0, 
2.0,2889,已现,,
2.0,2887,农民,,
2.0,2886,智飞,2.0,
1.0,2884,源,,
2.0,2884,一样,,
2.0,2882,虚拟,,
2.0,2880,结合,,
2.0,2876,基层,,
2.0,2875,园区,,
3.0,2875,座谈会,,
2.0,2875,比较,,
4.0,2874,销售收入,3.0,1.0
2.0,2874,瘦身,,
2.0,2874,出局,,
2.0,2870,玩转,,
1.0,2870,币,,
4.0,2869,恒瑞医药,2.0, 
3.0,2869,题材股,,
2.0,2868,点燃,,
2.0,2867,晚报,,
2.0,2867,凶猛,,
3.0,2864,二手房,,
4.0,2863,中铁二局,,
2.0,2862,对手,,
3.0,2862,净资产,,
2.0,2861,新房,,
2.0,2860,冰箱,,
2.0,2860,异地,,
3.0,2857,探路者,3.0,2.0
2.0,2856,保本,,
2.0,2855,早餐,,
2.0,2855,围猎,,
2.0,2852,太极,,
1.0,2852,清,,
2.0,2850,无线,,
2.0,2849,变身,,
2.0,2849,大成,,
2.0,2846,老人,,
1.0,2845,八,,
2.0,2845,揭开,,
1.0,2844,负,,
2.0,2843,宜华,,
2.0,2841,春运,,
3.0,2841,维生素,,
2.0,2840,坚决,,
2.0,2840,担心,,
2.0,2839,百元,,
2.0,2839,钱江,,
1.0,2839,皮,,
2.0,2838,喜欢,,
3.0,2838,说明会,,
4.0,2837,改革方案,,
3.0,2836,第三次,2.0,
2.0,2835,折射,,
2.0,2835,无奈,,
2.0,2834,那么,,
4.0,2833,OLED,,
3.0,2832,实质性,,
2.0,2832,中通,2.0,
1.0,2831,坑,,
2.0,2831,附近,,
2.0,2830,西宁,,
2.0,2829,落定,,
2.0,2828,方法,,
2.0,2824,世茂,,
2.0,2823,高档,,
2.0,2822,作用,,
1.0,2821,皖,,
1.0,2820,字,,
2.0,2818,推升,,
2.0,2817,海龙,2.0,
2.0,2815,如今,,
2.0,2815,热销,,
2.0,2815,更加,,
2.0,2814,重创,,
2.0,2814,科学,3.0,2.0
4.0,2814,中国移动,,
2.0,2813,近日,,
2.0,2812,友谊,,
1.0,2812,问,,
2.0,2812,绿城,,
3.0,2811,大面积,,
2.0,2811,哈药,2.0,1
2.0,2811,无关,,
2.0,2810,上报,,
2.0,2809,会计,2.0,4
2.0,2809,易购,,
2.0,2807,有利,,
2.0,2807,获注,,
2.0,2806,建新,,
2.0,2806,安排,,
1.0,2806,初,,
2.0,2805,查处,,
4.0,2803,虚拟现实,,
2.0,2801,受限,,
2.0,2798,欠款,,
2.0,2795,事业,,
2.0,2794,为了,,
2.0,2794,高压,,
2.0,2794,远东,,
2.0,2790,暂缓,,
3.0,2789,不锈钢,,
2.0,2787,卡车,,
4.0,2785,证券时报,,
2.0,2785,威海,2.0,
2.0,2784,尾声,,
2.0,2783,扣非,2.0,1.0
2.0,2782,圈钱,,
2.0,2781,日子,,
2.0,2781,临床,2.0, 
2.0,2781,之下,,
2.0,2779,实行,,
2.0,2779,天润,2.0,
2.0,2779,卖地,,
2.0,2778,节水,3.0,2.0
2.0,2777,饲料,,
2.0,2776,三友,,
2.0,2775,强国,,
2.0,2774,万向,,
2.0,2773,人福,2.0,
2.0,2771,天城,,
1.0,2771,领,2.0, 
2.0,2769,蒙牛,,
2.0,2767,卖房,,
2.0,2767,蓝图,,
4.0,2764,合作伙伴,,
2.0,2764,挺进,,
2.0,2764,蛇口,,
2.0,2763,白电,,
2.0,2763,杉杉,2.0, 
2.0,2763,成熟,,
2.0,2763,白马,2.0, 
2.0,2763,泰岳,,
4.0,2763,神州数码,,
3.0,2762,联合体,,
2.0,2761,梅雁,2.0, 
2.0,2761,天目,,
2.0,2759,钼业,,
4.0,2759,大秦铁路,,
4.0,2757,上海银行,,
2.0,2757,人生,,
2.0,2756,上港,,
2.0,2756,场外,,
2.0,2755,动向,,
4.0,2755,基础设施,,
4.0,2755,商业模式,,
2.0,2753,平米,,
2.0,2751,合金,2.0, 
2.0,2750,集合,,
2.0,2749,金条,,
2.0,2748,扫描,,
2.0,2746,沙特,,
2.0,2746,差钱,,
2.0,2745,华发,,
2.0,2744,福耀,2.0,
4.0,2743,货运公司,,
2.0,2742,电脑,,
2.0,2741,总结,,
2.0,2740,经纪,,
2.0,2740,差距,,
2.0,2740,交运,,
3.0,2739,制造商,,
2.0,2738,转身,,
2.0,2738,垫底,,
3.0,2736,螺纹钢,,
2.0,2736,科创,,
2.0,2736,半月,,
1.0,2735,韩,,
2.0,2734,征集,,
2.0,2734,亨通,2.0,
2.0,2733,思考,,
2.0,2733,温和,,
2.0,2733,竟然,,
2.0,2731,前期,,
2.0,2728,履行,,
1.0,2728,堂,,
1.0,2728,枪,,
2.0,2727,抢先,,
2.0,2726,实质,,
2.0,2726,长假,,
2.0,2724,运作,,
2.0,2724,存管,,
1.0,2724,证,,
2.0,2723,十八,,
2.0,2722,恒力,2.0,
2.0,2722,金陵,,
2.0,2721,自有,,
2.0,2721,天气,,
2.0,2720,三桶,,
2.0,2720,沙钢,2.0,
2.0,2719,千元,,
2.0,2717,首航,,
2.0,2715,民航,,
3.0,2715,ABS,,
4.0,2714,污水处理,,
2.0,2714,网游,,
2.0,2713,泰国,,
2.0,2713,书记,,
2.0,2712,尔康,2.0, 
4.0,2711,澳大利亚,,
2.0,2711,多名,,
3.0,2709,百亿元,,
2.0,2708,顺丰,,
2.0,2707,经历,,
2.0,2705,放大,,
2.0,2705,国标,,
2.0,2705,五一,,
3.0,2704,新格局,,
4.0,2704,结构调整,,
2.0,2704,得到,,
3.0,2704,第二批,,
2.0,2704,如意,3.0, 
2.0,2703,开建,,
1.0,2701,写,,
2.0,2701,萎缩,,
2.0,2701,科力,2.0,
2.0,2700,集结,,
2.0,2699,中富,2.0, 
1.0,2699,猪,,
1.0,2698,聚,,
1.0,2697,氟,,
3.0,2697,BAT,,
4.0,2696,两极分化,,
2.0,2692,钾肥,,
3.0,2691,新加坡,,
2.0,2689,股遭,,
3.0,2688,商品房,,
1.0,2688,若,,
2.0,2688,沦为,,
2.0,2687,存单,,
4.0,2686,交易中心,,
3.0,2686,房产税,,
2.0,2683,拟以,2.0,
2.0,2682,明胶,,
2.0,2681,坏账,,
2.0,2680,置入,,
2.0,2680,注销,1.0,
1.0,2679,数,,
3.0,2679,差异化,,
2.0,2679,风控,,
2.0,2677,后期,,
2.0,2676,跌超,,
2.0,2675,中源,,
1.0,2675,续,,
1.0,2675,喝,,
2.0,2673,探讨,,
3.0,2673,广东省,,
2.0,2673,椰岛,2.0,
2.0,2672,成员,,
2.0,2670,千山,,
2.0,2670,五个,,
3.0,2669,朋友圈,,
2.0,2669,首秀,,
2.0,2668,工匠,,
1.0,2667,批,,
2.0,2667,医生,,
2.0,2667,汇通,,
2.0,2666,努力,,
2.0,2666,一流,,
2.0,2665,巨量,,
4.0,2665,流动资金,3.0,1
2.0,2661,喜迎,,
3.0,2661,重灾区,,
2.0,2661,兑换,,
1.0,2661,陕,,
2.0,2660,日评,,
2.0,2660,英雄,,
2.0,2660,看多,,
2.0,2658,升机,,
2.0,2657,双星,2.0,
2.0,2657,新农,2.0,
2.0,2655,有点,,
2.0,2654,多次,,
2.0,2654,鱼跃,2.0,
3.0,2654,云天化,2.0, 
2.0,2654,和解,,
1.0,2652,面,,
2.0,2652,保证,,
3.0,2651,亿投建,2.0,2.0
2.0,2651,充分,,
2.0,2651,夺冠,,
2.0,2650,公用,,
2.0,2648,华通,,
2.0,2647,国网,,
2.0,2647,辞任,,
4.0,2646,生产厂家,,
2.0,2646,成绩,,
2.0,2646,午间,,
4.0,2643,体制改革,,
2.0,2643,排除,,
2.0,2643,国酒,2.0,
2.0,2643,滨海,,
1.0,2642,选,,
1.0,2642,赔,,
2.0,2642,第四,,
2.0,2642,纯利,,
3.0,2639,富安娜,2.0,
2.0,2639,疲弱,,
2.0,2638,抽检,,
2.0,2638,扫货,,
2.0,2637,伦敦,,
2.0,2636,批件,2.0,1
2.0,2636,网购,,
2.0,2635,阵痛,,
2.0,2634,配方,,
2.0,2632,亿利,2.0,1
2.0,2632,晨光,2.0,
2.0,2632,之家,2.0,
1.0,2632,谷,2.0,
2.0,2632,经验,,
2.0,2631,警告,,
2.0,2630,理念,,
4.0,2629,锡业股份,2.0,3.0
2.0,2629,以下,,
2.0,2627,榨菜,2.0, 
2.0,2625,验收,,
2.0,2623,繁荣,,
3.0,2623,PMI,,
2.0,2622,商务,,
4.0,2622,国产软件,,
2.0,2622,多年,,
3.0,2622,多晶硅,,
2.0,2622,换血,,
3.0,2621,监事会,2.0,4
2.0,2621,联袂,,
2.0,2620,危险,,
2.0,2620,乳企,,
2.0,2617,罚没,,
2.0,2617,法律,,
5.0,2616,资产负债率,,
2.0,2616,暖风,,
3.0,2616,北京市,,
1.0,2615,置,,
2.0,2615,摆脱,,
3.0,2614,双旗币,,
3.0,2614,航空业,,
2.0,2614,主板,,
3.0,2613,自动化,,
2.0,2613,高潮,,
2.0,2611,访问,,
2.0,2611,天虹,,
2.0,2611,凯迪,,
2.0,2610,丰田,,
3.0,2609,集装箱,,
2.0,2609,红岭,,
3.0,2608,总书记,,
2.0,2608,不止,,
3.0,2607,达沃斯,,
2.0,2606,结盟,,
4.0,2605,稳步增长,3.0,1.0
2.0,2605,对冲,,
3.0,2605,使用权,,
2.0,2605,商贸,,
2.0,2605,缓慢,,
3.0,2605,老白干,2.0, 
2.0,2604,大户,,
3.0,2604,七匹狼,2.0, 
2.0,2604,全省,,
2.0,2603,通威,2.0,
2.0,2603,开局,,
2.0,2601,如期,,
2.0,2601,买单,,
2.0,2601,仿制,2.0,
2.0,2601,迈入,,
2.0,2599,通达,3.0,1
2.0,2597,佣金,,
2.0,2597,金杯,2.0,
2.0,2597,爱心,,
2.0,2596,防务,2.0,
2.0,2596,重现,,
2.0,2596,来电,,
2.0,2596,截止,,
2.0,2594,连跌,,
2.0,2594,宋城,,
2.0,2593,维稳,,
2.0,2593,变盘,,
2.0,2593,三度,,
2.0,2592,大族,2.0,
1.0,2591,光,,
2.0,2591,烟酒,,
2.0,2590,最受,,
4.0,2589,短线交易,,
2.0,2589,看待,,
3.0,2589,签合同,,
2.0,2589,极具,,
2.0,2588,柳工,,
1.0,2588,波,,
2.0,2588,获刑,,
2.0,2587,中文,,
1.0,2587,弱,,
2.0,2587,森马,2.0,
2.0,2586,集群,,
2.0,2585,机组,,
2.0,2584,城建,,
2.0,2584,巩固,,
2.0,2583,效率,,
1.0,2582,百,,
2.0,2582,纪实,,
4.0,2581,不良资产,,
4.0,2579,人大代表,,
2.0,2578,争抢,,
2.0,2577,准入,,
1.0,2577,使,,
2.0,2577,揭牌,,
2.0,2576,构成,2.0,
2.0,2575,典型,,
2.0,2575,暴露,,
2.0,2574,装饰,,
2.0,2574,日产,,
4.0,2573,冬虫夏草,,
2.0,2572,VS,,
2.0,2572,另类,,
4.0,2572,专利证书,,
2.0,2571,勤上,2.0,
2.0,2571,彻底,,
2.0,2569,一类,,
2.0,2567,四方,2.0,
2.0,2567,严查,,
2.0,2565,运动,,
2.0,2565,大事,,
4.0,2565,异军突起,,
2.0,2565,发挥,,
2.0,2565,定局,,
2.0,2564,桥梁,,
4.0,2563,外汇牌价,,
3.0,2562,分布式,,
1.0,2561,离,,
2.0,2560,惊喜,,
2.0,2559,兴发,2.0,
2.0,2559,烧钱,,
2.0,2558,阵营,,
3.0,2558,长三角,,
1.0,2558,营,,
2.0,2556,大桥,,
2.0,2556,难掩,,
2.0,2554,年终,,
2.0,2553,日线,,
2.0,2553,被动,1.0,
2.0,2553,起底,,
2.0,2552,前夜,,
4.0,2551,技术创新,,
3.0,2551,欧菲光,2.0,
2.0,2551,地图,,
2.0,2550,必读,,
2.0,2549,分配,,
3.0,2548,股逆市,,
2.0,2548,变相,,
1.0,2548,揭,,
2.0,2547,泉州,,
4.0,2547,四川双马,2.0,
2.0,2547,命运,,
3.0,2546,科技股,,
2.0,2546,语音,,
2.0,2546,美达,2.0,
2.0,2546,预售,,
2.0,2543,开花,,
3.0,2542,全球化,,
2.0,2542,瓷器,,
1.0,2542,跨,,
2.0,2541,图新,,
4.0,2541,证券市场,,
3.0,2541,马化腾,,
2.0,2541,容易,,
2.0,2539,造船,,
2.0,2539,担任,,
4.0,2539,中国电信,,
2.0,2538,直击,,
1.0,2536,属,,
2.0,2536,偿还,,
1.0,2535,心,,
2.0,2535,美好,,
2.0,2534,退税,,
2.0,2532,旺盛,,
2.0,2532,电企,,
2.0,2532,先河,2.0,
2.0,2532,平板,,
2.0,2531,嘉捷,,
2.0,2531,有何,,
2.0,2530,连降,,
2.0,2529,钛白,2.0, 
2.0,2527,礼品,,
2.0,2526,近东,,
3.0,2526,海普瑞,2.0,
2.0,2525,充足,,
2.0,2525,花旗,,
2.0,2525,大同,,
2.0,2524,地下,,
2.0,2524,宝武,2.0,
2.0,2523,齐鲁,,
2.0,2523,澳洋,2.0,
2.0,2522,近半,,
1.0,2522,鳄,,
2.0,2522,全额,,
1.0,2521,足,,
2.0,2521,规避,,
2.0,2519,破净,,
2.0,2517,任何,,
2.0,2516,拯救,,
2.0,2516,之谜,,
2.0,2516,首推,,
2.0,2516,莱士,2.0, 
2.0,2514,广宇,,
2.0,2514,水晶,2.0, 
2.0,2513,讨论,,
2.0,2511,太钢,2.0, 
2.0,2507,这次,,
1.0,2507,旧,,
2.0,2507,采取,1.0,
2.0,2506,污水,,
1.0,2506,评,,
2.0,2506,意愿,,
2.0,2505,做市,,
3.0,2505,粤港澳,,
2.0,2504,选股,,
2.0,2504,盘初,,
2.0,2504,华安,,
2.0,2500,三环,,
2.0,2500,木业,,
2.0,2499,风光,,
2.0,2499,大富,2.0,
2.0,2498,房子,,
2.0,2498,八一,,
2.0,2497,尽快,,
2.0,2497,迷雾,,
2.0,2497,面对,,
2.0,2496,难度,,
2.0,2496,金证,,
2.0,2495,获大,,
2.0,2495,躁动,,
2.0,2495,一级,,
2.0,2494,金瑞,,
1.0,2494,座,,
1.0,2494,掷,,
2.0,2492,再造,,
2.0,2492,四环,2.0,
2.0,2491,迈出,,
2.0,2490,东湖,,
2.0,2490,康芝,2.0,
2.0,2490,部长,,
2.0,2490,抛弃,,
2.0,2490,微博,,
2.0,2489,海澜,2.0,
2.0,2487,扩建,,
1.0,2486,凭,,
2.0,2485,完全,,
2.0,2485,万台,,
1.0,2484,宜,,
2.0,2484,黑榜,,
2.0,2484,超车,,
2.0,2484,发声,,
2.0,2483,业主,,
2.0,2483,一片,,
3.0,2482,综合体,,
2.0,2482,协和,,
2.0,2482,海格,2.0,
2.0,2482,内生,,
2.0,2481,两度,,
2.0,2480,泽熙,,
1.0,2480,生,,
3.0,2479,巨无霸,,
2.0,2479,跨国,,
2.0,2478,传递,,
2.0,2478,海药,2.0,
1.0,2478,克,,
2.0,2476,暗示,,
2.0,2476,玩具,,
2.0,2475,博拉,,
2.0,2475,行政,,
4.0,2475,建设银行,,
2.0,2475,低调,,
2.0,2473,状况,,
2.0,2473,拟建,,
2.0,2472,高温,,
2.0,2470,科陆,2.0,
2.0,2470,出发,,
2.0,2470,金砖,,
3.0,2470,混凝土,,
2.0,2469,罢免,,
2.0,2469,如此,,
1.0,2469,严,,
2.0,2469,小型,,
2.0,2468,筑底,,
2.0,2467,跟踪,,
2.0,2467,最终,,
2.0,2467,激情,,
2.0,2466,循环,,
2.0,2466,小心,,
2.0,2466,受到,,
4.0,2465,知识产权,,
1.0,2465,冷,,
4.0,2464,资本运作,,
2.0,2464,期限,,
2.0,2464,步森,,
2.0,2463,开庭,,
2.0,2462,孕育,,
2.0,2461,码头,,
1.0,2460,铁,,
2.0,2460,创维,2.0,
2.0,2459,慧球,,
2.0,2457,天舟,,
3.0,2457,组合拳,,
1.0,2456,食,,
3.0,2456,近九成,,
2.0,2454,起步,,
2.0,2453,国寿,,
2.0,2453,无偿,2.0,
2.0,2453,龙江,,
2.0,2452,港币,,
2.0,2451,拟发,,
1.0,2449,追,,
2.0,2449,见底,,
2.0,2448,夭折,,
3.0,2448,人人乐,,
2.0,2447,渐显,,
2.0,2447,腾挪,,
2.0,2447,大家,,
2.0,2446,广晟,,
2.0,2445,低点,,
2.0,2445,丰富,,
2.0,2444,着力,,
3.0,2444,证券报,,
1.0,2444,产,,
2.0,2443,拆除,,
2.0,2443,趋严,,
2.0,2442,失踪,,
2.0,2442,水产,2.0,
2.0,2442,中色,,
2.0,2441,新能,2.0,
2.0,2440,五家,,
2.0,2440,九州,,
2.0,2439,配资,,
3.0,2439,ofo,,
2.0,2438,华闻,,
2.0,2438,引导,,
2.0,2437,万维,,
2.0,2437,驶入,,
3.0,2436,山东省,,
2.0,2436,老总,,
2.0,2436,金刚,,
2.0,2434,理赔,,
2.0,2434,不少,,
2.0,2433,集资,,
1.0,2433,吴,,
1.0,2432,雾,,
2.0,2432,齐发,,
2.0,2430,渐成,,
2.0,2430,十足,,
2.0,2429,践行,,
3.0,2429,蓝宝石,,
2.0,2429,红酒,,
2.0,2428,自贸,,
2.0,2424,油品,,
3.0,2424,匹凸匹,,
2.0,2423,三倍,,
2.0,2422,智造,,
2.0,2422,变成,,
2.0,2421,天音,,
2.0,2419,当代,,
2.0,2418,科龙,,
3.0,2417,老字号,,
3.0,2416,开发区,,
2.0,2415,高调,,
2.0,2415,生鲜,,
2.0,2414,金山,,
2.0,2412,赣锋,2.0,
2.0,2411,更换,,
2.0,2410,全民,,
1.0,2410,兑,,
2.0,2410,轨道,,
2.0,2410,负面,,
2.0,2409,西山,,
3.0,2408,不良率,,
2.0,2408,东吴,,
2.0,2407,海伦,2.0, 
2.0,2407,国海,,
3.0,2406,发展期,,
2.0,2405,流感,,
2.0,2404,通告,,
2.0,2404,三只,,
2.0,2403,威华,2.0, 
4.0,2403,海正药业,2.0, 
2.0,2402,铁汉,,
1.0,2402,募,,
2.0,2402,家装,,
4.0,2400,全景网络,,
2.0,2399,围绕,,
2.0,2398,闪电,,
3.0,2397,吞吐量,,
3.0,2397,创纪录,,
2.0,2395,架构,,
3.0,2394,德豪润,,
2.0,2394,严控,,
2.0,2393,下发,2.0, 
3.0,2393,掌门人,,
2.0,2393,万份,,
2.0,2392,慢牛,,
2.0,2392,绝地,,
3.0,2392,亿纬锂,2.0, 
3.0,2391,多氟多,2.0,
2.0,2391,演艺,,
1.0,2390,安,,
2.0,2389,剩余,2.0,
2.0,2389,建厂,,
2.0,2389,砸盘,,
3.0,2388,亿人币,,
2.0,2386,云网,,
3.0,2386,第三届,,
2.0,2386,三次,,
2.0,2386,解码,,
2.0,2386,湘潭,,
1.0,2385,津,,
2.0,2385,长线,,
2.0,2385,杰瑞,2.0, 
2.0,2384,东江,,
2.0,2384,大湾,,
2.0,2383,两只,,
2.0,2383,金利,,
4.0,2383,价格行情,,
2.0,2383,伊朗,,
2.0,2383,简单,,
2.0,2382,承德,2.0,
2.0,2382,火灾,,
1.0,2382,凯,,
2.0,2381,小贷,,
3.0,2379,国内外,,
2.0,2379,核材,2.0,
2.0,2378,摘牌,,
2.0,2377,双向,,
2.0,2377,告急,,
2.0,2377,放宽,,
1.0,2375,盛,2.0, 
2.0,2375,天量,,
2.0,2375,爱建,,
4.0,2375,媒体报道,,
2.0,2374,捐赠,3.0,4
2.0,2372,绝密,,
2.0,2372,发售,,
2.0,2371,追问,,
1.0,2370,她,,
2.0,2369,十一,,
2.0,2369,障碍,,
2.0,2369,空气,,
2.0,2368,出路,,
2.0,2368,特锐,2.0,
3.0,2368,所有制,,
2.0,2367,刘强,,
2.0,2367,每吨,,
3.0,2366,李东生,2.0, 
1.0,2364,空,,
2.0,2364,装修,,
2.0,2364,铸管,2.0,
2.0,2364,讲话,,
2.0,2361,落子,,
2.0,2361,总量,,
1.0,2361,紧,,
3.0,2360,发电机,,
2.0,2360,银隆,2.0,
2.0,2359,忽悠,,
2.0,2359,运价,,
1.0,2359,秀,,
2.0,2358,搅局,,
2.0,2357,未果,,
2.0,2357,批发,,
2.0,2357,当选,,
1.0,2357,教,,
2.0,2356,手段,,
2.0,2356,轮番,,
2.0,2355,经纬,,
1.0,2353,吹,,
2.0,2352,油服,,
1.0,2352,架,,
4.0,2350,发展前景,,
2.0,2350,明珠,,
2.0,2350,渐行,,
2.0,2350,冬季,,
2.0,2349,乐普,2.0,
1.0,2349,西,,
2.0,2348,暗战,,
2.0,2348,非常,,
2.0,2347,金发,2.0,
3.0,2346,便利店,,
2.0,2346,沃尔,2.0,
2.0,2345,列车,,
2.0,2345,并未,,
2.0,2343,盛运,,
2.0,2342,关店,,
2.0,2340,错过,,
2.0,2340,桑德,,
2.0,2340,同期,2.0,1
2.0,2339,盾安,2.0, 
2.0,2339,创建,,
2.0,2338,图片,,
4.0,2335,燃料电池,2.0, 
2.0,2334,意义,,
2.0,2334,收藏,,
4.0,2333,市场需求,,
2.0,2333,狙击,,
2.0,2332,字头,,
1.0,2332,友,,
2.0,2332,之路,,
2.0,2331,医改,,
2.0,2331,泰山,,
2.0,2331,开创,,
2.0,2331,领军,,
2.0,2330,普及,,
4.0,2329,市场行情,,
2.0,2328,复兴,,
2.0,2328,六年,,
2.0,2327,办法,,
2.0,2325,无忧,,
2.0,2325,合众,2.0,
2.0,2324,三全,2.0,
2.0,2323,海参,,
2.0,2323,药机,,
2.0,2322,将建,,
2.0,2321,漳州,,
2.0,2320,晨报,,
2.0,2320,中签,,
1.0,2320,丝,2.0,
2.0,2320,每天,,
2.0,2319,稳中,,
2.0,2319,有戏,,
2.0,2319,力促,,
3.0,2318,万家乐,2.0,
4.0,2318,MSCI,,
2.0,2317,帝国,,
1.0,2317,扛,,
2.0,2316,高涨,,
1.0,2315,埃,,
2.0,2313,催化,,
2.0,2312,不满,,
2.0,2312,流产,,
2.0,2311,降薪,,
2.0,2310,构筑,,
1.0,2309,镇,,
1.0,2306,狗,,
3.0,2305,农业部,,
2.0,2305,新海,,
2.0,2305,投机,,
4.0,2304,中小银行,,
2.0,2304,何以,,
3.0,2303,贵金属,,
3.0,2303,亚马逊,,
2.0,2302,底线,,
3.0,2301,ETF,,
3.0,2300,中青宝,,
2.0,2299,大摩,,
2.0,2299,组团,,
1.0,2298,澳,,
2.0,2297,安阳,,
2.0,2296,剖析,,
2.0,2296,物贸,,
2.0,2295,好于,,
2.0,2295,神火,2.0,
2.0,2295,增大,,
1.0,2294,扩,,
2.0,2293,唐山,,
2.0,2292,利降,,
2.0,2292,福星,,
3.0,2291,受热捧,,
3.0,2290,资源税,,
2.0,2290,环能,,
2.0,2290,提案,,
2.0,2289,重拳,,
3.0,2289,药监局,,
2.0,2289,境内,,
2.0,2288,杭萧,2.0, 
3.0,2287,挖掘机,,
2.0,2286,重拾,,
2.0,2286,齐聚,,
2.0,2285,索道,,
2.0,2285,药店,,
2.0,2285,网红,,
1.0,2284,屡,,
2.0,2284,获评,,
2.0,2284,基调,,
2.0,2283,物产,,
2.0,2282,众信,,
2.0,2281,应急,,
2.0,2281,减税,,
2.0,2281,时报,,
2.0,2281,徐州,,
2.0,2281,定调,,
2.0,2280,不良,,
2.0,2279,华工,2.0,
2.0,2279,摩根,,
3.0,2279,新动力,,
2.0,2279,本地,,
2.0,2278,明朗,,
1.0,2277,含,,
2.0,2277,安装,,
2.0,2277,九大,,
2.0,2277,首期,,
2.0,2276,折扣,,
2.0,2276,烟花,,
2.0,2275,更好,,
1.0,2275,求,,
3.0,2274,白热化,,
2.0,2272,防治,,
3.0,2272,吸引力,,
2.0,2271,华数,,
1.0,2271,鸟,,
2.0,2271,重金,,
2.0,2269,延迟,,
2.0,2268,魅力,,
2.0,2268,倍增,,
2.0,2267,启用,,
3.0,2267,保卫战,,
2.0,2266,之旅,,
2.0,2265,江阴,,
2.0,2265,更大,,
2.0,2265,院士,,
2.0,2265,通车,,
3.0,2265,压路机,,
1.0,2263,作,,
2.0,2263,重啤,2.0, 
1.0,2263,揽,,
2.0,2262,横店,2.0,
3.0,2262,经济带,,
3.0,2262,生产商,,
3.0,2262,招商局,,
2.0,2262,微调,,
2.0,2261,芜湖,,
2.0,2259,不得,,
1.0,2259,子,,
3.0,2259,短期内,,
2.0,2258,奔驰,,
2.0,2257,熊市,,
2.0,2257,钢管,,
2.0,2256,宜化,2.0,
2.0,2255,神光,,
2.0,2255,急速,,
2.0,2255,战场,,
2.0,2255,泵业,2.0,
2.0,2254,赴美,,
1.0,2254,钜,,
2.0,2254,过程,,
2.0,2251,还款,,
2.0,2250,流向,,
2.0,2249,乘客,,
2.0,2249,产值,,
2.0,2248,刚需,,
2.0,2247,淄博,,
2.0,2246,无碍,,
4.0,2245,云南铜业,,
2.0,2244,警报,,
2.0,2244,华平,,
2.0,2244,华峰,2.0,
2.0,2243,共赢,,
2.0,2242,祖传,,
2.0,2242,高级,,
2.0,2242,漏洞,,
1.0,2240,档,,
3.0,2240,补偿款,1.0,1
2.0,2239,莲花,2.0,
2.0,2239,火速,,
1.0,2238,份,,
2.0,2238,绒业,2.0,
2.0,2237,持平,,
3.0,2236,陆家嘴,,
2.0,2234,客服,,
2.0,2234,隐形,,
3.0,2233,消防车,,
2.0,2233,吃紧,,
3.0,2233,新篇章,,
2.0,2232,期价,,
2.0,2232,线路,,
2.0,2232,铁矿,,
2.0,2232,永清,,
2.0,2232,银泰,,
2.0,2231,字画,,
2.0,2231,徐翔,,
2.0,2231,宗申,2.0,
1.0,2231,公,,
2.0,2231,征收,,
4.0,2230,歌华有线,,
2.0,2229,套路,,
2.0,2228,再生,,
2.0,2228,正大,,
2.0,2228,燃料,,
4.0,2227,云铝股份,2.0, 
2.0,2226,月饼,,
3.0,2226,第一枪,,
2.0,2225,立足,,
2.0,2224,跌至,,
2.0,2224,货车,,
4.0,2224,重大项目,,
2.0,2223,矛盾,,
2.0,2223,通航,,
2.0,2222,勘探,,
2.0,2222,扬州,,
2.0,2222,预盈,3.0,1.0
2.0,2221,技改,2.0,2.0
2.0,2220,打压,,
2.0,2220,慈善,,
2.0,2219,超日,,
2.0,2218,明起,,
2.0,2218,浦发,,
2.0,2218,仍处,,
3.0,2218,苏泊尔,2.0,
2.0,2216,硬件,,
1.0,2216,啤,,
2.0,2216,测序,,
2.0,2215,打折,,
2.0,2214,奋进,,
2.0,2213,磁材,,
2.0,2213,撤退,,
2.0,2213,上限,,
2.0,2210,满足,,
2.0,2209,军团,,
4.0,2209,产业资本,,
2.0,2208,尝试,,
3.0,2207,发电量,,
2.0,2206,点睛,,
1.0,2206,装,,
2.0,2204,万华,2.0,
2.0,2203,了解,,
2.0,2203,矿山,,
2.0,2203,开元,,
2.0,2202,达安,2.0,
1.0,2202,猜,,
2.0,2201,清晰,,
2.0,2200,惠州,,
2.0,2199,抢食,,
2.0,2198,减亏,,
1.0,2198,广,,
3.0,2197,载货车,,
2.0,2196,中线,,
3.0,2195,招股书,,
4.0,2194,服务平台,,
3.0,2194,食药监,,
2.0,2194,提交,,
4.0,2194,公开市场,,
3.0,2193,步步高,,
1.0,2193,芯,,
2.0,2193,三条,,
4.0,2193,华夏银行,,
2.0,2192,加紧,,
2.0,2192,切换,,
2.0,2192,好戏,,
1.0,2192,抗,,
2.0,2192,制剂,2.0, 
2.0,2190,汇丰,,
2.0,2190,单价,,
3.0,2190,购房者,,
2.0,2189,不够,,
2.0,2189,抚顺,,
4.0,2189,家用电器,,
2.0,2189,带头,,
3.0,2186,深振业,,
2.0,2185,主办,,
2.0,2184,为啥,,
4.0,2183,钢材价格,,
2.0,2182,大房,,
2.0,2182,一只,,
2.0,2181,厉害,,
2.0,2180,势力,,
2.0,2179,复产,3.0,1.0
3.0,2178,千万元,,
2.0,2178,哈弗,,
4.0,2177,南宁糖业,2.0,
2.0,2177,微涨,,
2.0,2177,跌价,,
2.0,2177,恒立,,
2.0,2175,支出,,
3.0,2175,北京城,,
2.0,2175,A轮,,
2.0,2175,配合,,
2.0,2173,锐减,,
2.0,2173,抓住,,
1.0,2173,界,,
2.0,2173,检修,,
2.0,2173,兜底,,
3.0,2172,搅拌车,,
2.0,2172,借机,,
2.0,2170,可控,,
3.0,2169,全方位,,
3.0,2169,保健品,,
1.0,2169,纸,,
2.0,2168,威胁,,
3.0,2168,第一期,2.0,3
2.0,2167,钢市,,
2.0,2167,时日,,
2.0,2167,重生,,
1.0,2167,富,,
3.0,2167,购置税,,
2.0,2167,官司,,
2.0,2166,压顶,,
2.0,2166,一种,,
1.0,2165,关,,
2.0,2165,识别,,
2.0,2165,追加,,
3.0,2165,传感器,,
2.0,2164,江特,2.0,
2.0,2163,择机,,
2.0,2162,腐败,,
2.0,2161,蝉联,,
2.0,2161,远望,3.0,4
1.0,2161,且,,
1.0,2160,筹,,
2.0,2160,借贷,,
2.0,2159,纽约,,
2.0,2158,顺鑫,2.0,
2.0,2157,不宜,,
2.0,2157,抵押,,
2.0,2157,巡视,,
2.0,2156,风云,,
2.0,2156,荣膺,,
2.0,2156,扬帆,,
4.0,2156,建设项目,,
1.0,2155,泛,,
1.0,2155,资,,
2.0,2155,歌尔,2.0,
2.0,2155,一哥,,
2.0,2154,保价,,
3.0,2153,天津市,,
2.0,2153,各方,,
2.0,2153,高通,,
2.0,2151,粮油,,
2.0,2150,国联,2.0, 
2.0,2150,人数,,
2.0,2150,海印,,
2.0,2148,演讲,,
2.0,2148,内房,,
2.0,2148,派息,,
2.0,2147,玩法,,
2.0,2147,一股,,
4.0,2147,农林牧渔,,
3.0,2146,报喜鸟,2.0,
4.0,2146,财政补贴,,
2.0,2146,尚无,,
2.0,2145,龙山,2.0,
2.0,2145,普跌,,
2.0,2145,向下,,
2.0,2145,联系,,
2.0,2144,不明,,
2.0,2143,省级,,
3.0,2143,现代化,,
2.0,2143,迅猛,,
2.0,2143,常山,2.0,
2.0,2143,启航,,
2.0,2141,假期,,
2.0,2141,重心,,
2.0,2141,几乎,,
2.0,2140,大厦,,
2.0,2140,周边,,
2.0,2140,南纺,,
2.0,2140,底气,,
2.0,2137,博瑞,,
4.0,2135,东方明珠,,
3.0,2135,出租车,,
1.0,2135,屏,2.0,
3.0,2134,嘉士伯,,
2.0,2134,修改,,
4.0,2134,食品安全,,
2.0,2133,老酒,,
1.0,2133,钨,,
2.0,2133,此前,,
2.0,2132,体彩,,
2.0,2132,全览,,
2.0,2132,长生,,
2.0,2130,红日,2.0,
2.0,2130,梅花,,
1.0,2129,蓝,,
2.0,2129,哪般,,
3.0,2129,影响力,,
2.0,2129,趋紧,,
3.0,2128,香饽饽,,
2.0,2128,钢联,,
3.0,2128,进出口,,
2.0,2127,稽查,,
2.0,2125,高鸿,,
2.0,2125,瑞丰,2.0,
2.0,2124,其中,,
3.0,2124,实控人,2.0,
2.0,2123,发飙,,
2.0,2123,简报,,
2.0,2121,清单,,
2.0,2121,五月,,
2.0,2120,英镑,,
2.0,2120,轮动,,
2.0,2120,汇源,2.0, 
2.0,2120,众多,,
2.0,2120,优选,,
1.0,2120,莎,,
3.0,2119,爆发式,,
1.0,2119,咖,,
2.0,2118,腾邦,,
2.0,2118,点赞,,
2.0,2118,共振,,
2.0,2117,有序,,
2.0,2117,最美,,
2.0,2117,星河,,
3.0,2117,FOF,,
2.0,2116,太平,,
2.0,2116,冀中,,
2.0,2115,唐人,2.0,1
2.0,2115,策划,,
1.0,2115,另,,
2.0,2114,通州,,
2.0,2114,分别,,
2.0,2113,除了,,
2.0,2113,小区,,
2.0,2112,红星,,
2.0,2112,当地,,
1.0,2112,忧,,
2.0,2111,发出,,
2.0,2111,海王,,
2.0,2110,小盘,,
2.0,2110,饮料,,
2.0,2110,序幕,,
2.0,2109,何方,,
2.0,2109,皇氏,2.0,
2.0,2107,国贸,,
3.0,2107,加多宝,,
2.0,2107,给力,,
2.0,2107,流转,,
2.0,2105,停车,,
2.0,2104,联华,,
2.0,2104,何在,,
2.0,2102,备受,,
1.0,2101,输,,
2.0,2101,对决,,
2.0,2101,银江,,
3.0,2100,意大利,,
2.0,2100,百姓,,
2.0,2099,鸿博,2.0,
1.0,2099,场,,
2.0,2097,号线,,
3.0,2097,城商行,,
2.0,2097,车主,,
2.0,2097,最差,,
2.0,2095,全市,,
3.0,2095,黄光裕,,
2.0,2095,最多,,
2.0,2094,看空,,
2.0,2094,海宁,,
3.0,2094,风向标,,
2.0,2093,拓宽,,
2.0,2093,棕榈,,
2.0,2093,中外,,
2.0,2093,年轻,,
2.0,2093,电煤,,
3.0,2092,佳兆业,,
1.0,2092,汇,,
2.0,2092,派现,,
2.0,2092,回吐,,
1.0,2091,福,,
2.0,2090,冷链,,
3.0,2090,北大荒,,
2.0,2090,客机,,
2.0,2090,洗盘,,
2.0,2089,担当,,
2.0,2089,租金,,
2.0,2089,惨遭,,
2.0,2089,火腿,2.0,
4.0,2089,电子信息,,
2.0,2088,亚泰,,
4.0,2088,黄金时代,,
2.0,2087,矿产,,
2.0,2087,中工,,
2.0,2086,洽洽,2.0,
2.0,2086,顾问,,
4.0,2085,发展趋势,,
2.0,2083,一项,,
2.0,2083,搬家,,
2.0,2083,痛点,,
3.0,2081,世界级,,
2.0,2081,或致,,
2.0,2079,资料,,
2.0,2079,单月,,
2.0,2079,热炒,,
2.0,2079,轮船,,
2.0,2078,晋亿,,
2.0,2078,富德,,
2.0,2078,省份,,
2.0,2077,巨人,,
2.0,2076,美亚,,
2.0,2076,金叶,,
2.0,2076,解套,,
1.0,2076,昆,,
2.0,2075,换股,,
2.0,2075,豪华,,
2.0,2075,几个,,
4.0,2074,美菱电器,,
2.0,2074,突袭,,
2.0,2074,用电,,
2.0,2073,酒钢,,
2.0,2073,中概,,
2.0,2073,坚挺,,
2.0,2072,传动,2.0,
2.0,2071,炼化,,
2.0,2071,各大,,
2.0,2070,人保,,
3.0,2069,大北农,2.0,
1.0,2069,慢,,
2.0,2069,密码,,
2.0,2068,重装,,
2.0,2068,适当,,
2.0,2068,迎新,,
2.0,2068,疯涨,,
5.0,2067,中国证监会,,
2.0,2067,刚刚,,
2.0,2067,九股,,
2.0,2067,恶化,,
2.0,2065,韶钢,,
3.0,2064,第四届,2.0,
2.0,2063,天弘,,
2.0,2063,会员,,
3.0,2063,史玉柱,,
2.0,2063,硅谷,,
2.0,2063,骗局,,
2.0,2063,首位,,
7.0,2062,大连商品交易所,,
2.0,2062,激辩,,
2.0,2061,人物,,
2.0,2060,低吸,,
2.0,2060,竣工,,
1.0,2059,浓,,
2.0,2058,工商,,
4.0,2058,今年以来,,
2.0,2057,学校,,
2.0,2057,盲目,,
2.0,2057,战投,2.0,
2.0,2056,利尔,2.0,
2.0,2056,大势,,
2.0,2054,胡润,,
1.0,2054,石,,
4.0,2054,证券公司,,
4.0,2054,一汽集团,,
2.0,2053,作出,,
2.0,2052,整固,,
2.0,2051,海油,,
2.0,2051,倡议,,
1.0,2051,男,,
2.0,2050,高考,,
3.0,2050,福布斯,,
2.0,2048,福彩,,
2.0,2048,售后,,
2.0,2048,卸任,,
2.0,2048,多位,,
2.0,2048,放心,,
4.0,2047,QDII,,
2.0,2047,询价,,
2.0,2046,地址,,
2.0,2046,视点,,
1.0,2045,错,,
2.0,2045,越南,,
3.0,2045,关注函,,
3.0,2045,大牛股,,
3.0,2044,手续费,,
1.0,2044,艘,,
2.0,2043,国君,,
2.0,2043,弱市,,
2.0,2043,群众,,
3.0,2041,后遗症,,
2.0,2041,秋季,,
2.0,2041,海能,2.0,
1.0,2040,暖,,
2.0,2040,应声,,
2.0,2039,总价,,
2.0,2039,普通,,
2.0,2038,野心,,
2.0,2038,交银,,
2.0,2036,股神,,
2.0,2036,回笼,,
2.0,2036,酷派,,
4.0,2035,高开低走,,
2.0,2034,炮轰,,
2.0,2033,三五,,
1.0,2032,侠,,
2.0,2032,缺陷,,
2.0,2031,美锦,2.0,
2.0,2031,连升,,
3.0,2031,自然人,,
2.0,2031,宅地,,
2.0,2030,跟进,,
2.0,2028,齐翔,2.0,
2.0,2028,古越,2.0,
1.0,2028,段,,
4.0,2028,丽珠集团,2.0,
2.0,2027,板材,,
2.0,2027,中欧,,
2.0,2026,三季,,
1.0,2026,术,,
4.0,2025,私下交易,,
1.0,2025,杯,,
4.0,2024,财务数据,,
5.0,2024,REITs,,
1.0,2024,笑,,
2.0,2024,将会,,
2.0,2022,意图,,
1.0,2022,膜,,
2.0,2021,加油,,
2.0,2019,朗玛,,
2.0,2018,名城,,
2.0,2017,弯道,,
2.0,2017,世博,,
2.0,2016,专用,,
2.0,2015,缩减,,
2.0,2015,仪表,,
2.0,2014,悬疑,,
2.0,2012,九龙,,
2.0,2012,赔付,,
2.0,2012,株洲,,
2.0,2011,长青,,
2.0,2011,家具,,
1.0,2011,户,,
2.0,2011,称号,,
2.0,2010,版权,,
2.0,2010,至多,,
2.0,2009,国五,,
2.0,2009,各路,,
2.0,2009,阴影,,
2.0,2009,邮储,,
2.0,2009,增多,,
2.0,2008,共计,2.0,1
2.0,2007,学院,,
4.0,2007,华新水泥,2.0,
1.0,2006,斗,,
3.0,2006,启明星,,
4.0,2006,党委书记,,
2.0,2004,放行,,
2.0,2004,神奇,,
2.0,2003,岗位,,
1.0,2003,放,,
2.0,2003,主打,,
1.0,2002,环,,
2.0,2002,年线,,
2.0,2002,开户,,
1.0,2001,吸,,
4.0,2001,重庆百货,,
2.0,2001,长电,2.0,
3.0,2001,青稞酒,2.0,
